filepath,label
MAKE/ASLLVD_MAKE__ASL_2007_05_24_scene19-1833-1896_camera1.mov,MAKE
MAKE/ASLLVD_MAKE__ASL_2008_02_01_scene57-285-325_camera1.mov,MAKE
MAKE/ASLLVD_MAKE__ASL_2008_06_10_scene8-3217-3257_camera1.mov,MAKE
MAKE/ASLLVD_MAKE__ASL_2008_08_13_scene11-4865-4895_camera1.mov,MAKE
MAKE/ASLLVD_MAKE__ASL_2011_06_14_scene53-5150-5175_camera1.mov,MAKE
MAKE/desktop.ini,MAKE
MAKE/msasl_make_ASL_1_Set_1_Supplemental_Vocabulary.mp4,MAKE
MAKE/msasl_make_ASL_Make_.mp4,MAKE
MAKE/msasl_make_Lesson_5_Vocabulary_-_A_Basic_Course_(ABC)_in_ASL.mp4.mkv,MAKE
MAKE/msasl_make_MAKE(2).mp4.mkv,MAKE
MAKE/msasl_make_The_First_100_Signs_You_Need_to_Know.mp4.webm,MAKE
MAKE/msasl_make_UNIT_11.mp4.mkv,MAKE
MAKE/msasl_make_Unit_23_Vocabulary_-_ASL_CC_Turn_on_captions_to_review_signs.mp4,MAKE
MAKE/wlasl_34575.mp4,MAKE
MAKE/wlasl_34577.mp4,MAKE
MAKE/wlasl_34578.mp4,MAKE
MAKE/wlasl_34579.mp4,MAKE
MAKE/wlasl_34580.mp4,MAKE
MAKE/wlasl_34581.mp4,MAKE
MAKE/wlasl_34583.mp4,MAKE
MAKE/wlasl_34584.mp4,MAKE
MAN/ASLLVD_MAN__ASL_2008_02_01_scene3-976-1032_camera1.mov,MAN
MAN/ASLLVD_MAN__ASL_2008_02_01_scene57-1660-1715_camera1.mov,MAN
MAN/ASLLVD_MAN__ASL_2008_06_10_scene9-1026-1065_camera1.mov,MAN
MAN/ASLLVD_MAN__ASL_2008_06_10_scene9-1861-1897_camera1.mov,MAN
MAN/ASLLVD_MAN__ASL_2008_08_13_scene12-1735-1770_camera1.mov,MAN
MAN/ASLLVD_MAN__ASL_2008_08_13_scene3-1825-1860_camera1.mov,MAN
MAN/ASLLVD_MAN__ASL_2011_06_14_scene25-446-471_camera1.mov,MAN
MAN/ASLLVD_MAN__ASL_2011_06_14_scene53-6262-6281_camera1.mov,MAN
MAN/ASLLVD_MAN__ASL_2011_06_14_scene53-6407-6432_camera1.mov,MAN
MAN/ASLLVD_MAN__ASL_2011_06_14_scene54-712-751_camera1.mov,MAN
MAN/desktop.ini,MAN
MAN/msasl_man_ASL1_Class_21_New_SIGNS.mp4.webm,MAN
MAN/msasl_man_ASL_1_Set_3_Supplemental_Vocabulary.mp4.mkv,MAN
MAN/msasl_man_ASL_1_Unit_1_Vocabulary.mp4.mkv,MAN
MAN/msasl_man_ASL_1st_class_VOCABULARY_BUILDER.mp4,MAN
MAN/msasl_man_ASL_FAMILY.mp4,MAN
MAN/msasl_man_ASL_I_-_Unit_1_Vocabulary.mp4,MAN
MAN/msasl_man_ASL_I_-_Unit_2_-_Vocabulary.mp4,MAN
MAN/msasl_man_ASL_Level_1_Unit_2_Vocabulary.mp4.mkv,MAN
MAN/msasl_man_ASL_Male_.mp4,MAN
MAN/msasl_man_ASL_Man_.mp4.mkv,MAN
MAN/msasl_man_ASL_Opposites.mp4.mkv,MAN
MAN/msasl_man_ASL_Vocabulary_(Spring_2018).mp4.webm,MAN
MAN/msasl_man_American_Sign_Language_(ASL)_Family_Signs_-_Part_One.mp4.webm,MAN
MAN/msasl_man_Asl_1_Unit_2_Vocab.mp4.mkv,MAN
MAN/msasl_man_Family_Vocabulary.mp4.mkv,MAN
MAN/msasl_man_Learn_American_Sign_Language_Basic_Vocabulary.mp4,MAN
MAN/msasl_man_Lesson_2_Vocabulary_-_A_Basic_Course_(ABC)_in_ASL.mp4.mkv,MAN
MAN/msasl_man_Level_1_Unit_5_Vocabulary.mp4,MAN
MAN/msasl_man_MAN(1).mp4,MAN
MAN/msasl_man_MAN(3).mp4.mkv,MAN
MAN/msasl_man_Mary_Did_You_Know_ASL_vocabulary.mp4,MAN
MAN/msasl_man_Mastering_ASL_Unit_4_Vocabulary_signed_by_Dr_Wooten.mp4.mkv,MAN
MAN/msasl_man_Mr_Jensen_ASL_-_School.mp4.mkv,MAN
MAN/msasl_man_SN_Unit_1_Video_Vocab_Review.mp4.mkv,MAN
MAN/msasl_man_School-related_signs.mp4.mkv,MAN
MAN/msasl_man_Sign_for_MAN_from_page_13.mp4.mkv,MAN
MAN/msasl_man_Signing_Naturally_Unit_1_Vocabulary.mp4.webm,MAN
MAN/msasl_man_Unit_01_Vocabulary.mp4.webm,MAN
MAN/msasl_man_Unit_1.mp4,MAN
MAN/msasl_man_Unit_1_Vocabulary(3).mp4,MAN
MAN/msasl_man_Unit_1_vocabulary_part_1.mp4.mkv,MAN
MAN/msasl_man_Unit_4_vocabulary_pg_1-3.mp4,MAN
MAN/msasl_man_man.mp4.mkv,MAN
MAN/wlasl_34732.mp4,MAN
MAN/wlasl_34733.mp4,MAN
MAN/wlasl_34734.mp4,MAN
MAN/wlasl_34736.mp4,MAN
MAN/wlasl_34737.mp4,MAN
MAN/wlasl_34738.mp4,MAN
MAN/wlasl_34742.mp4,MAN
MAN/wlasl_69395.mp4,MAN
MEET/ASLLVD_MEET__ASL_2007_05_24_scene20-530-570_camera1.mov,MEET
MEET/ASLLVD_MEET__ASL_2008_02_15_scene2-1295-1330_camera1.mov,MEET
MEET/ASLLVD_MEET__ASL_2008_05_12_scene13-1665-1705_camera1.mov,MEET
MEET/ASLLVD_MEET__ASL_2008_06_10_scene12-952-983_camera1.mov,MEET
MEET/ASLLVD_MEET__ASL_2011_06_14_scene55-7467-7484_camera1.mov,MEET
MEET/desktop.ini,MEET
MEET/msasl_meet_ASL1_Class_3_New_SIGNS.mp4.mkv,MEET
MEET/msasl_meet_ASL_1_Final_Vocabulary.mp4.mkv,MEET
MEET/msasl_meet_ASL_Lesson_1.mp4.mkv,MEET
MEET/msasl_meet_ASL_Meet_.mp4,MEET
MEET/msasl_meet_ASL_Unit_One_Vocabulary.mp4,MEET
MEET/msasl_meet_ASL_Vocabulary_meet.mp4.webm,MEET
MEET/msasl_meet_American_Sign_Language_(ASL)_Family_Signs_-_Part_Two.mp4.webm,MEET
MEET/msasl_meet_Aug_to_Oct_Voc_Captions.mp4.mkv,MEET
MEET/msasl_meet_Introductions_B_Review.mp4.mkv,MEET
MEET/msasl_meet_Lesson_4_Vocabulary_-_A_Basic_Course_(ABC)_in_ASL.mp4.mkv,MEET
MEET/msasl_meet_MEET(1).mp4,MEET
MEET/msasl_meet_MEET(2).mp4,MEET
MEET/msasl_meet_Making_Introductions_Vocabulary_ASL_-_American_Sign_Language.mp4,MEET
MEET/msasl_meet_Meet.mp4.mkv,MEET
MEET/msasl_meet_Mr_Miseners_ASL_lesson_4_review.mp4.mkv,MEET
MEET/msasl_meet_SWIC_Community_Ed_-_Class_One.mp4,MEET
MEET/msasl_meet_UNIT_10_VOCABULARY.mp4.mkv,MEET
MEET/msasl_meet_Unit_1(1).mp4.webm,MEET
MEET/msasl_meet_Unit_1.mp4,MEET
MEET/msasl_meet_Unit_13_Vocabulary.mp4.mkv,MEET
MEET/msasl_meet_Unit_1_Vocabulary_ASL_Level_1_-_American_Sign_Language.mp4.webm,MEET
MEET/msasl_meet_meet_in_American_Sign_Language.mp4,MEET
MEET/wlasl_35509.mp4,MEET
MEET/wlasl_35511.mp4,MEET
MEET/wlasl_35512.mp4,MEET
MEET/wlasl_35513.mp4,MEET
MEET/wlasl_35516.mp4,MEET
MEET/wlasl_35517.mp4,MEET
MEET/wlasl_35518.mp4,MEET
MOTHER/ASLLVD_MOTHER__ASL_2007_05_24_scene21-568-621_camera1.mov,MOTHER
MOTHER/ASLLVD_MOTHER__ASL_2008_02_15_scene10-3491-3530_camera1.mov,MOTHER
MOTHER/ASLLVD_MOTHER__ASL_2008_06_10_scene19-3706-3740_camera1.mov,MOTHER
MOTHER/ASLLVD_MOTHER__ASL_2011_07_19_scene6-1112-1140_camera1.mov,MOTHER
MOTHER/desktop.ini,MOTHER
MOTHER/msasl_mother_ASL_-_Immediate_Family.mp4,MOTHER
MOTHER/msasl_mother_ASL_1_Unit_3_Vocabulary.mp4.mkv,MOTHER
MOTHER/msasl_mother_ASL_1_Unit_4_Vocabulary(1).mp4.mkv,MOTHER
MOTHER/msasl_mother_ASL_1_Unit_4_Vocabulary.mp4.mkv,MOTHER
MOTHER/msasl_mother_ASL_FAMILY.mp4,MOTHER
MOTHER/msasl_mother_ASL_Family_Signs.mp4.webm,MOTHER
MOTHER/msasl_mother_ASL_I_-_Unit_5_Vocabulary_Review.mp4,MOTHER
MOTHER/msasl_mother_ASL_Mother_.mp4.webm,MOTHER
MOTHER/msasl_mother_ASL_Signs_for_family_and_basic_school_related_words.mp4,MOTHER
MOTHER/msasl_mother_ASL_Vocabulary_mom.mp4.mkv,MOTHER
MOTHER/msasl_mother_ASL_conversation_class_2.mp4.mkv,MOTHER
MOTHER/msasl_mother_American_Sign_Language_(ASL)_Family_Signs_-_Part_One.mp4.webm,MOTHER
MOTHER/msasl_mother_Asl_1_Unit_2_Vocab.mp4.mkv,MOTHER
MOTHER/msasl_mother_Aug_to_Oct_Voc_Captions.mp4.mkv,MOTHER
MOTHER/msasl_mother_BASIC_preschool_signs.mp4.mkv,MOTHER
MOTHER/msasl_mother_Basic_ASL_Vocabulary_for_Babies.mp4,MOTHER
MOTHER/msasl_mother_Basic_Sign_Language_for_Caregivers_(family).mp4.mkv,MOTHER
MOTHER/msasl_mother_Basic_Sign_Language_for_Caregivers_of_the_DeafHard_of_Hearing.mp4.webm,MOTHER
MOTHER/msasl_mother_Examples_of_Baby_Sign_Language.mp4.mkv,MOTHER
MOTHER/msasl_mother_Family_Voc_Unit.mp4.mkv,MOTHER
MOTHER/msasl_mother_Family_Vocabulary.mp4.mkv,MOTHER
MOTHER/msasl_mother_First_100_People.mp4.mkv,MOTHER
MOTHER/msasl_mother_How_to_Sign_Happy_Mothers_Day_in_Sign_Language_MOTHERS_DAY_2017.mp4,MOTHER
MOTHER/msasl_mother_How_to_sign_Mother_-_ASL_Vocabulary_Series.mp4,MOTHER
MOTHER/msasl_mother_Kindergarten_ASL_Vocabulary_-_1.mp4.mkv,MOTHER
MOTHER/msasl_mother_Lesson_2_Vocabulary_-_A_Basic_Course_(ABC)_in_ASL.mp4.mkv,MOTHER
MOTHER/msasl_mother_Level_1_Unit_5_Vocabulary.mp4,MOTHER
MOTHER/msasl_mother_MOM(1).mp4,MOTHER
MOTHER/msasl_mother_MOM(2).mp4.mkv,MOTHER
MOTHER/msasl_mother_Mastering_ASL_Unit_4_Vocabulary_signed_by_Dr_Wooten.mp4.mkv,MOTHER
MOTHER/msasl_mother_Mommy_in_Sign_Language_ASL_Dictionary_for_kids.mp4.webm,MOTHER
MOTHER/msasl_mother_People_Signs_in_ASL.mp4,MOTHER
MOTHER/msasl_mother_SWIC_Community_Ed_-_Class_One.mp4,MOTHER
MOTHER/msasl_mother_Sign_MOTHER.mp4.mkv,MOTHER
MOTHER/msasl_mother_The_First_100_Signs_You_Need_to_Know.mp4.webm,MOTHER
MOTHER/msasl_mother_Unit_1.mp4,MOTHER
MOTHER/msasl_mother_Unit_1_Vocabulary(3).mp4,MOTHER
MOTHER/msasl_mother_Unit_4_Family_Signs_Part_1_Members.mp4.mkv,MOTHER
MOTHER/msasl_mother_Unit_4_vocabulary_pg_1-3.mp4,MOTHER
MOTHER/msasl_mother_Unit_8.mp4.mkv,MOTHER
MOTHER/msasl_mother_mommy_-_ASL_sign_for_mommy.mp4,MOTHER
MOTHER/wlasl_36929.mp4,MOTHER
MOTHER/wlasl_36930.mp4,MOTHER
MOTHER/wlasl_36931.mp4,MOTHER
MOTHER/wlasl_36932.mp4,MOTHER
MOTHER/wlasl_36933.mp4,MOTHER
MOTHER/wlasl_36936.mp4,MOTHER
MOTHER/wlasl_36937.mp4,MOTHER
MOTHER/wlasl_69402.mp4,MOTHER
NAME/ASLLVD_NAME__ASL_2008_02_15_scene14-2475-2517_camera1.mov,NAME
NAME/ASLLVD_NAME__ASL_2008_02_15_scene2-2833-2890_camera1.mov,NAME
NAME/ASLLVD_NAME__ASL_2008_06_10_scene12-2747-2771_camera1.mov,NAME
NAME/ASLLVD_NAME__ASL_2008_06_10_scene22-1907-1952_camera1.mov,NAME
NAME/ASLLVD_NAME__ASL_2011_06_14_scene55-9770-9796_camera1.mov,NAME
NAME/desktop.ini,NAME
NAME/msasl_name_ASL1_Class_3_New_SIGNS.mp4.mkv,NAME
NAME/msasl_name_ASL_1_Unit_1_Vocabulary.mp4.mkv,NAME
NAME/msasl_name_ASL_1st_class_VOCABULARY_BUILDER.mp4.mkv,NAME
NAME/msasl_name_ASL_Lesson_1(1).mp4.webm,NAME
NAME/msasl_name_ASL_Lesson_1.mp4.mkv,NAME
NAME/msasl_name_ASL_UNIT_1_VOCAB_signing_naturally.mp4,NAME
NAME/msasl_name_ASL_Unit_One_Vocabulary.mp4,NAME
NAME/msasl_name_ASL_Vocabulary_(Spring_2018).mp4.webm,NAME
NAME/msasl_name_American_Sign_Language_Learning_the_basics.mp4,NAME
NAME/msasl_name_Aug_to_Oct_Voc_Captions.mp4.mkv,NAME
NAME/msasl_name_Beginner_Vocabulary.mp4.mkv,NAME
NAME/msasl_name_Introduction_to_American_Sign_Language_Questions_and_Small_Talk.mp4,NAME
NAME/msasl_name_Learn_American_Sign_Language_Basic_Vocabulary.mp4,NAME
NAME/msasl_name_Lesson_3_Vocabulary_-_A_Basic_Course_(ABC)_in_ASL.mp4.mkv,NAME
NAME/msasl_name_Making_Introductions_Vocabulary_ASL_-_American_Sign_Language.mp4.webm,NAME
NAME/msasl_name_NAME(2).mp4,NAME
NAME/msasl_name_NAME(3).mp4,NAME
NAME/msasl_name_NAME.mp4.mkv,NAME
NAME/msasl_name_SN_Unit_1_Video_Vocab_Review.mp4.mkv,NAME
NAME/msasl_name_SWIC_Community_Ed_-_Class_One.mp4,NAME
NAME/msasl_name_UNIT_9_VOCABULARY.mp4.mkv,NAME
NAME/msasl_name_Unit_01_Vocabulary.mp4.webm,NAME
NAME/msasl_name_Unit_1(1).mp4.webm,NAME
NAME/msasl_name_Unit_1.mp4,NAME
NAME/msasl_name_Unit_1_Vocabulary(3).mp4,NAME
NAME/msasl_name_Unit_1_Vocabulary.mp4.mkv,NAME
NAME/msasl_name_Unit_1_Vocabulary_ASL_Level_1_-_American_Sign_Language.mp4.webm,NAME
NAME/msasl_name_Unit_2.mp4,NAME
NAME/msasl_name_name_in_American_Sign_Language.mp4,NAME
NAME/wlasl_37580.mp4,NAME
NAME/wlasl_37581.mp4,NAME
NAME/wlasl_37582.mp4,NAME
NAME/wlasl_37585.mp4,NAME
NAME/wlasl_69405.mp4,NAME
NICE/ASLLVD_NICE__ASL_2006_10_10_scene5-2117-2154_camera1.mov,NICE
NICE/ASLLVD_NICE__ASL_2007_05_24_scene21-1322-1352_camera1.mov,NICE
NICE/ASLLVD_NICE__ASL_2008_01_11_scene78-1110-1150_camera1.mov,NICE
NICE/ASLLVD_NICE__ASL_2008_01_11_scene78-920-945_camera1.mov,NICE
NICE/ASLLVD_NICE__ASL_2008_05_12_scene47-1625-1657_camera1.mov,NICE
NICE/ASLLVD_NICE__ASL_2008_05_12_scene47-1815-1860_camera1.mov,NICE
NICE/ASLLVD_NICE__ASL_2008_05_29_scene24-660-700_camera1.mov,NICE
NICE/ASLLVD_NICE__ASL_2008_08_04_scene49-2765-2795_camera1.mov,NICE
NICE/ASLLVD_NICE__ASL_2008_08_04_scene49-3005-3045_camera1.mov,NICE
NICE/ASLLVD_NICE__ASL_2011_06_08_scene28-2355-2390_camera1.mov,NICE
NICE/desktop.ini,NICE
NICE/msasl_nice_ASL1_Class_3_New_SIGNS.mp4.mkv,NICE
NICE/msasl_nice_ASL2_Class_11_SIGNS.mp4.mkv,NICE
NICE/msasl_nice_ASL2_Class_22_SIGNS.mp4.mkv,NICE
NICE/msasl_nice_ASL2_Unit_13.mp4.mkv,NICE
NICE/msasl_nice_ASL_1_Unit_5_Vocabulary.mp4.webm,NICE
NICE/msasl_nice_ASL_Clean_.mp4.mkv,NICE
NICE/msasl_nice_ASL_Colors_Clothes_Lesson.mp4,NICE
NICE/msasl_nice_ASL_II_-_Unit_14_Vocabulary_Review.mp4.mkv,NICE
NICE/msasl_nice_ASL_I_-_Unit_6_Vocabulary_Review.mp4.mkv,NICE
NICE/msasl_nice_ASL_Lesson_1.mp4,NICE
NICE/msasl_nice_ASL_Level_2_Unit_11_Vocabulary.mp4,NICE
NICE/msasl_nice_ASL_Unit_One_Vocabulary.mp4,NICE
NICE/msasl_nice_ASL_Vocabulary_Emotions.mp4.mkv,NICE
NICE/msasl_nice_ASL_Vocabulary_Opposites.mp4.mkv,NICE
NICE/msasl_nice_ASL_Vocabulary_nice.mp4.mkv,NICE
NICE/msasl_nice_American_Sign_Language_(ASL)_Family_Signs_-_Part_Two.mp4.webm,NICE
NICE/msasl_nice_Aug_to_Oct_Voc_Captions.mp4.mkv,NICE
NICE/msasl_nice_Basic_Sign_Language_for_Caregivers_(bath_time).mp4,NICE
NICE/msasl_nice_Basic_Sign_Language_for_Caregivers_(bath_time).mp4.mkv,NICE
NICE/msasl_nice_Basic_Sign_Language_for_Caregivers_of_the_DeafHard_of_Hearing.mp4.webm,NICE
NICE/msasl_nice_CLEAN(1).mp4.mkv,NICE
NICE/msasl_nice_CLEAN(2).mp4.mkv,NICE
NICE/msasl_nice_Chores_Duties_ASL_-_American_Sign_Language.mp4.webm,NICE
NICE/msasl_nice_Clean.mp4.mkv,NICE
NICE/msasl_nice_First_100_ADJECTIVES.mp4.mkv,NICE
NICE/msasl_nice_Making_Introductions_Vocabulary_ASL_-_American_Sign_Language.mp4,NICE
NICE/msasl_nice_Mastering_ASL_Unit_7_Vocabulary.mp4.mkv,NICE
NICE/msasl_nice_NICE(1).mp4,NICE
NICE/msasl_nice_NICE(2).mp4,NICE
NICE/msasl_nice_NICECLEAN.mp4,NICE
NICE/msasl_nice_Nice.mp4.mkv,NICE
NICE/msasl_nice_Opinion_about_Places_Vocabulary_ASL_-_American_Sign_Language.mp4.mkv,NICE
NICE/msasl_nice_SWIC_Community_Ed_-_Class_Four.mp4.mkv,NICE
NICE/msasl_nice_SWIC_Community_Ed_-_Class_One.mp4,NICE
NICE/msasl_nice_The_First_100_Signs_You_Need_to_Know.mp4.webm,NICE
NICE/msasl_nice_UNIT_9_VOCABULARY.mp4.mkv,NICE
NICE/msasl_nice_Unit_01_Vocabulary.mp4.webm,NICE
NICE/msasl_nice_Unit_1(1).mp4.webm,NICE
NICE/msasl_nice_Unit_1.mp4,NICE
NICE/msasl_nice_Unit_10_Vocabulary.mp4.mkv,NICE
NICE/msasl_nice_Unit_10_Vocabulary_-_Part_2mp4.mp4.mkv,NICE
NICE/msasl_nice_Unit_1_Vocabulary(3).mp4,NICE
NICE/msasl_nice_Unit_1_Vocabulary.mp4.mkv,NICE
NICE/msasl_nice_Unit_1_Vocabulary_ASL_Level_1_-_American_Sign_Language.mp4.webm,NICE
NICE/msasl_nice_nice_in_American_Sign_Language.mp4.mkv,NICE
NOW/ASLLVD_NOW__ASL_2008_02_15_scene21-2530-2580_camera1.mov,NOW
NOW/ASLLVD_NOW__ASL_2008_02_15_scene21-2775-2832_camera1.mov,NOW
NOW/ASLLVD_NOW__ASL_2008_03_28_scene19-955-995_camera1.mov,NOW
NOW/ASLLVD_NOW__ASL_2011_06_08_scene31-13710-13742_camera1.mov,NOW
NOW/ASLLVD_NOW__ASL_2011_07_19_scene17-228-260_camera1.mov,NOW
NOW/ASLLVD_NOW__ASL_2011_07_22_scene7-1329-1364_camera1.mov,NOW
NOW/desktop.ini,NOW
NOW/msasl_now_ASL1_Class_6_New_SIGNS.mp4.mkv,NOW
NOW/msasl_now_ASL2_Class_10_SIGNS.mp4.mkv,NOW
NOW/msasl_now_ASL3_Class_20_Vocabulary.mp4.mkv,NOW
NOW/msasl_now_ASL_1_Set_2_Supplemental_Vocabulary.mp4.mkv,NOW
NOW/msasl_now_ASL_Level_1_Unit_6_Vocabulary.mp4.mkv,NOW
NOW/msasl_now_ASL_Now_.mp4,NOW
NOW/msasl_now_ASL_Time.mp4,NOW
NOW/msasl_now_ASL_Vocabulary_now.mp4,NOW
NOW/msasl_now_ASL_Vocabulary_now.mp4.webm,NOW
NOW/msasl_now_Amazing_Grace.mp4,NOW
NOW/msasl_now_Asl_vocab_2.mp4.mkv,NOW
NOW/msasl_now_Aug_to_Oct_Voc_Captions.mp4.mkv,NOW
NOW/msasl_now_Lesson_5_Vocabulary_-_A_Basic_Course_(ABC)_in_ASL.mp4.mkv,NOW
NOW/msasl_now_NOW(3).mp4,NOW
NOW/msasl_now_NOW(4).mp4.mkv,NOW
NOW/msasl_now_NOW-1-movement.mp4.webm,NOW
NOW/msasl_now_Now.mp4.mkv,NOW
NOW/msasl_now_Robber_and_the_Geek_Vocab_video_for_ASL_class.mp4,NOW
NOW/msasl_now_SWIC_Community_Ed_-_Class_Two.mp4.mkv,NOW
NOW/msasl_now_The_First_100_Signs_You_Need_to_Know.mp4.webm,NOW
NOW/msasl_now_Time_Day_Voc.mp4.mkv,NOW
NOW/msasl_now_Unit_03_Vocabulary.mp4.webm,NOW
NOW/msasl_now_Unit_08_Vocabulary.mp4.webm,NOW
NOW/msasl_now_Unit_1(1).mp4.webm,NOW
NOW/msasl_now_Unit_1_Vocabulary.mp4.mkv,NOW
NOW/msasl_now_Unit_24_Vocabulary_(common_ASL_signs_part_three)_CC.mp4,NOW
NOW/msasl_now_Unit_3.mp4.mkv,NOW
NOW/msasl_now_Unit_3_Vocabulary.mp4,NOW
NOW/msasl_now_Unit_3_Vocabulary_-_ASL.mp4.mkv,NOW
NOW/msasl_now_Unit_4_Vocabulary_(part_2)_ASL_American_Sign_Language.mp4,NOW
NOW/msasl_now_Unit_8.mp4.mkv,NOW
NOW/msasl_now_Unit_8_Vocabulary(1).mp4,NOW
NOW/msasl_now_Useful_vocab.mp4,NOW
NOW/wlasl_38990.mp4,NOW
NOW/wlasl_38991.mp4,NOW
NOW/wlasl_38994.mp4,NOW
NOW/wlasl_38995.mp4,NOW
NOW/wlasl_38997.mp4,NOW
NOW/wlasl_38999.mp4,NOW
NOW/wlasl_39000.mp4,NOW
NOW/wlasl_69413.mp4,NOW
PAST/ASLLVD_PAST__ASL_2008_01_11_scene28-1320-1350_camera1.mov,PAST
PAST/ASLLVD_PAST__ASL_2008_01_11_scene37-1075-1096_camera1.mov,PAST
PAST/ASLLVD_PAST__ASL_2008_02_15_scene32-1185-1230_camera1.mov,PAST
PAST/ASLLVD_PAST__ASL_2008_05_12_scene18-4165-4211_camera1.mov,PAST
PAST/ASLLVD_PAST__ASL_2008_05_12_scene24-466-485_camera1.mov,PAST
PAST/ASLLVD_PAST__ASL_2008_05_12_scene24-710-742_camera1.mov,PAST
PAST/ASLLVD_PAST__ASL_2011_06_08_scene15-485-510_camera1.mov,PAST
PAST/ASLLVD_PAST__ASL_2011_06_08_scene18-5538-5556_camera1.mov,PAST
PAST/ASLLVD_PAST__ASL_2011_07_19_scene27-721-741_camera1.mov,PAST
PAST/desktop.ini,PAST
PAST/msasl_past_ASL_Level_1_Unit_6_Vocabulary.mp4.mkv,PAST
PAST/msasl_past_ASL_Opposites.mp4.mkv,PAST
PAST/msasl_past_ASL_Past_.mp4,PAST
PAST/msasl_past_ASL_Time.mp4,PAST
PAST/msasl_past_ASL_Vocabulary_-_Past_Tense.mp4.mkv,PAST
PAST/msasl_past_PAST(1).mp4.mkv,PAST
PAST/msasl_past_PAST(3).mp4,PAST
PAST/msasl_past_PAST(4).mp4.mkv,PAST
PAST/msasl_past_Past.mp4.mkv,PAST
PAST/msasl_past_Signing_Naturally_Unit_4_Vocabulary.mp4.mkv,PAST
PAST/msasl_past_Time_Day_Voc.mp4.mkv,PAST
PAST/msasl_past_Unit_14_Vocabulary.mp4.mkv,PAST
PAST/msasl_past_Unit_14_Vocabulary_-_turn_on_CC_-_telling_time_(continued)_-_ASL.mp4,PAST
PAST/msasl_past_Unit_8.mp4.mkv,PAST
PAST/wlasl_41446.mp4,PAST
PAST/wlasl_41447.mp4,PAST
PAST/wlasl_41448.mp4,PAST
PAST/wlasl_41449.mp4,PAST
PAST/wlasl_41452.mp4,PAST
PAST/wlasl_41453.mp4,PAST
PAST/wlasl_41454.mp4,PAST
PLAY/ASLLVD_PLAY__ASL_2008_02_15_scene41-2374-2425_camera1.mov,PLAY
PLAY/ASLLVD_PLAY__ASL_2011_07_19_scene27-165-205_camera1.mov,PLAY
PLAY/ASLLVD_PLAY__ASL_2011_07_19_scene35-2850-2879_camera1.mov,PLAY
PLAY/desktop.ini,PLAY
PLAY/msasl_play_ASL1_Class_19_New_SIGNS.mp4.mkv,PLAY
PLAY/msasl_play_ASL1_Class_37_New_SIGNS.mp4.mkv,PLAY
PLAY/msasl_play_ASL_1_Set_5_Supplemental_Vocabulary.mp4.mkv,PLAY
PLAY/msasl_play_ASL_Basic_Classroom_Signs.mp4.mkv,PLAY
PLAY/msasl_play_ASL_I_-_Unit_6_Vocabulary_Review.mp4.mkv,PLAY
PLAY/msasl_play_American_Sign_Language_-_Unit_Six_Vocab.mp4,PLAY
PLAY/msasl_play_Asl_vocab_2.mp4.mkv,PLAY
PLAY/msasl_play_Aug_to_Oct_Voc_Captions.mp4.mkv,PLAY
PLAY/msasl_play_BASIC_preschool_signs.mp4.mkv,PLAY
PLAY/msasl_play_Baby_Language_Song_(ASL)_Basic_Words_and_Commands_4_by_Patty_Shukla.mp4.webm,PLAY
PLAY/msasl_play_Basic_ASL_Vocabulary_for_Babies.mp4,PLAY
PLAY/msasl_play_Basic_Sign_Language_for_Caregivers_of_the_DeafHard_of_Hearing.mp4.webm,PLAY
PLAY/msasl_play_Dr_Wooten_signing_Unit_6_Vocabulary.mp4.mkv,PLAY
PLAY/msasl_play_Learn_ASL_Signs_for_SPORTS.mp4.mkv,PLAY
PLAY/msasl_play_Lesson_14_Vocabulary_-_A_Basic_Course_(ABC)_in_ASL.mp4,PLAY
PLAY/msasl_play_Outdoor_Play_Signs_2_in_ASL.mp4.mkv,PLAY
PLAY/msasl_play_PLAY(3).mp4.webm,PLAY
PLAY/msasl_play_PLAY(4).mp4.mkv,PLAY
PLAY/msasl_play_Robber_and_the_Geek_Vocab_video_for_ASL_class.mp4,PLAY
PLAY/msasl_play_Signing_Naturally_Unit_2.mp4.mkv,PLAY
PLAY/msasl_play_Unit_09_Vocabulary.mp4.mkv,PLAY
PLAY/msasl_play_Unit_9_Vocabularymp4.mp4,PLAY
PLAY/msasl_play_play.mp4.mkv,PLAY
PLAY/msasl_play_play_-_ASL_sign_for_play.mp4.mkv,PLAY
PLAY/msasl_play_playplaying.mp4.mkv,PLAY
PLAY/wlasl_43166.mp4,PLAY
PLAY/wlasl_43167.mp4,PLAY
PLAY/wlasl_43168.mp4,PLAY
PLAY/wlasl_43169.mp4,PLAY
PLAY/wlasl_43170.mp4,PLAY
PLAY/wlasl_43171.mp4,PLAY
PLAY/wlasl_43173.mp4,PLAY
PLAY/wlasl_43174.mp4,PLAY
PLAY/wlasl_69433.mp4,PLAY
RUN/ASLLVD_RUN__ASL_2008_02_01_scene37-2780-2845_camera1.mov,RUN
RUN/ASLLVD_RUN__ASL_2008_02_29_scene20-335-366_camera1.mov,RUN
RUN/ASLLVD_RUN__ASL_2008_02_29_scene20-575-620_camera1.mov,RUN
RUN/ASLLVD_RUN__ASL_2008_05_29_scene11-2201-2256_camera1.mov,RUN
RUN/ASLLVD_RUN__ASL_2011_06_14_scene43-4461-4493_camera1.mov,RUN
RUN/ASLLVD_RUN__ASL_2011_07_19_scene70-758-791_camera1.mov,RUN
RUN/ASLLVD_RUN__ASL_2011_07_19_scene70-965-1005_camera1.mov,RUN
RUN/ASLLVD_RUN__ASL_2011_07_22_scene45-3579-3635_camera1.mov,RUN
RUN/desktop.ini,RUN
RUN/msasl_run_ASL1_Class_37_New_SIGNS.mp4.mkv,RUN
RUN/msasl_run_ASL_1_Unit_2_Vocabulary.mp4.webm,RUN
RUN/msasl_run_ASL_Basic_Classroom_Signs.mp4.mkv,RUN
RUN/msasl_run_ASL_I_-_Unit_6_Vocabulary_Review.mp4.mkv,RUN
RUN/msasl_run_ASL_Vocabulary_(Spring_2018).mp4.webm,RUN
RUN/msasl_run_Asl_vocab_2.mp4.mkv,RUN
RUN/msasl_run_Aug_to_Oct_Voc_Captions.mp4.mkv,RUN
RUN/msasl_run_First_100_Verbs_in_ASL_with_captions.mp4.mkv,RUN
RUN/msasl_run_Learn_ASL_Signs_for_SPORTS.mp4.mkv,RUN
RUN/msasl_run_Learn_American_Sign_Language_Basic_Vocabulary.mp4,RUN
RUN/msasl_run_Lesson_11_Vocabulary_-_A_Basic_Course_(ABC)_in_ASL.mp4,RUN
RUN/msasl_run_Outdoor_Play_Signs_2_in_ASL.mp4.mkv,RUN
RUN/msasl_run_RUN-version_1.mp4,RUN
RUN/msasl_run_RUN-version_2.mp4.mkv,RUN
RUN/msasl_run_RUN_(version_1).mp4.mkv,RUN
RUN/msasl_run_Run.mp4.mkv,RUN
RUN/msasl_run_SWIC_Community_Ed_-_Class_Four.mp4.mkv,RUN
RUN/msasl_run_Signing_Naturally_Unit_2.mp4.mkv,RUN
RUN/msasl_run_Unit_19_ASL_UNT_Dori_Reeves.mp4.webm,RUN
RUN/msasl_run_Unit_24_Vocabulary_(common_ASL_signs_part_three)_CC.mp4,RUN
RUN/msasl_run_run_-_ASL_sign_for_run.mp4.mkv,RUN
RUN/wlasl_48797.mp4,RUN
RUN/wlasl_48798.mp4,RUN
RUN/wlasl_48800.mp4,RUN
RUN/wlasl_48801.mp4,RUN
RUN/wlasl_48809.mp4,RUN
RUN/wlasl_48810.mp4,RUN
SCHOOL/ASLLVD_SCHOOL__ASL_2008_02_29_scene23-2190-2235_camera1.mov,SCHOOL
SCHOOL/ASLLVD_SCHOOL__ASL_2011_07_19_scene73-2366-2395_camera1.mov,SCHOOL
SCHOOL/desktop.ini,SCHOOL
SCHOOL/msasl_school_ASL1_Class_6_New_SIGNS.mp4.mkv,SCHOOL
SCHOOL/msasl_school_ASL_1_Unit_5_Vocabulary.mp4.webm,SCHOOL
SCHOOL/msasl_school_ASL_Dictionary_-_School.mp4.mkv,SCHOOL
SCHOOL/msasl_school_ASL_I_-_Unit_10.mp4.mkv,SCHOOL
SCHOOL/msasl_school_ASL_I_-_Unit_2_-_Vocabulary.mp4,SCHOOL
SCHOOL/msasl_school_ASL_Level_1_Unit_2_Vocabulary.mp4.mkv,SCHOOL
SCHOOL/msasl_school_ASL_Level_1_Unit_6_Vocabulary.mp4.mkv,SCHOOL
SCHOOL/msasl_school_ASL_School_.mp4,SCHOOL
SCHOOL/msasl_school_ASL_Unit_One_Vocabulary.mp4,SCHOOL
SCHOOL/msasl_school_ASL_school_vocab.mp4,SCHOOL
SCHOOL/msasl_school_Aug_to_Oct_Voc_Captions.mp4.mkv,SCHOOL
SCHOOL/msasl_school_BASIC_preschool_signs.mp4.mkv,SCHOOL
SCHOOL/msasl_school_Basic_Sign_Language_for_Caregivers_of_the_DeafHard_of_Hearing.mp4.webm,SCHOOL
SCHOOL/msasl_school_Community_Helpers_in_ASL.mp4.mkv,SCHOOL
SCHOOL/msasl_school_First_100_Household_Items.mp4.mkv,SCHOOL
SCHOOL/msasl_school_Introduction_to_American_Sign_Language_Questions_and_Small_Talk.mp4.mkv,SCHOOL
SCHOOL/msasl_school_Learn_ASL_Beginner_vocabulary_about_school_and_learning_in_American_Sign_Language.mp4.mkv,SCHOOL
SCHOOL/msasl_school_Lesson_4_Vocabulary_-_A_Basic_Course_(ABC)_in_ASL.mp4.mkv,SCHOOL
SCHOOL/msasl_school_Making_Conversation_Vocabulary_ASL_-_American_Sign_Language.mp4.mkv,SCHOOL
SCHOOL/msasl_school_Mr_Jensen_ASL_-_School.mp4.mkv,SCHOOL
SCHOOL/msasl_school_Mr_Miseners_ASL_lesson_4_review.mp4.mkv,SCHOOL
SCHOOL/msasl_school_Next_Words_School_Items_in_ASL_with_captions.mp4.mkv,SCHOOL
SCHOOL/msasl_school_Places_in_school_ASL.mp4,SCHOOL
SCHOOL/msasl_school_SCHOOL(2).mp4,SCHOOL
SCHOOL/msasl_school_SCHOOL(3).mp4.mkv,SCHOOL
SCHOOL/msasl_school_SCHOOL(5).mp4,SCHOOL
SCHOOL/msasl_school_SCHOOL(6).mp4.mkv,SCHOOL
SCHOOL/msasl_school_SCHOOL.mp4.webm,SCHOOL
SCHOOL/msasl_school_SWIC_Community_Ed_-_Class_One.mp4,SCHOOL
SCHOOL/msasl_school_School.mp4.mkv,SCHOOL
SCHOOL/msasl_school_School_Signs_in_ASL.mp4.mkv,SCHOOL
SCHOOL/msasl_school_School_in_Sign_Language_ASL_Dictionary_for_kids.mp4.webm,SCHOOL
SCHOOL/msasl_school_Sign_for_SCHOOL_from_page_14.mp4.mkv,SCHOOL
SCHOOL/msasl_school_Signing_Naturally_Unit_15_(updatedshorter_version).mp4.mkv,SCHOOL
SCHOOL/msasl_school_Signing_Naturally_Unit_15_Vocabulary_by_Dr_Wooten_1.mp4.mkv,SCHOOL
SCHOOL/msasl_school_Signing_Naturally_Unit_1_Vocabulary.mp4.webm,SCHOOL
SCHOOL/msasl_school_The_First_100_Signs_You_Need_to_Know.mp4.webm,SCHOOL
SCHOOL/msasl_school_Unit_02_Vocabulary.mp4.webm,SCHOOL
SCHOOL/msasl_school_Unit_1(1).mp4.webm,SCHOOL
SCHOOL/msasl_school_Unit_1_Vocabulary.mp4.mkv,SCHOOL
SCHOOL/msasl_school_Unit_1_Vocabulary_ASL_Level_1_-_American_Sign_Language.mp4.webm,SCHOOL
SCHOOL/msasl_school_Unit_2_Vocabulary_(Part_1)_rev_2018.mp4,SCHOOL
SCHOOL/msasl_school_Unit_3_Vocabulary_-_ASL.mp4.mkv,SCHOOL
SCHOOL/msasl_school_Useful_vocab.mp4,SCHOOL
SCHOOL/msasl_school_school_-_ASL_sign_for_school.mp4.mkv,SCHOOL
SCHOOL/wlasl_49595.mp4,SCHOOL
SCHOOL/wlasl_49596.mp4,SCHOOL
SCHOOL/wlasl_49597.mp4,SCHOOL
SCHOOL/wlasl_49598.mp4,SCHOOL
SCHOOL/wlasl_49599.mp4,SCHOOL
SCHOOL/wlasl_49600.mp4,SCHOOL
SCHOOL/wlasl_49602.mp4,SCHOOL
SCHOOL/wlasl_69455.mp4,SCHOOL
SHORT/ASLLVD_SHORT__ASL_2008_02_15_scene32-436-477_camera1.mov,SHORT
SHORT/ASLLVD_SHORT__ASL_2008_02_29_scene30-842-874_camera1.mov,SHORT
SHORT/ASLLVD_SHORT__ASL_2011_07_19_scene26-5767-5837_camera1.mov,SHORT
SHORT/ASLLVD_SHORT__ASL_2011_07_19_scene81-1103-1127_camera1.mov,SHORT
SHORT/desktop.ini,SHORT
SHORT/msasl_short_ASL1_Class_48_New_SIGNS.mp4.mkv,SHORT
SHORT/msasl_short_ASL_I_-_Unit_8.mp4,SHORT
SHORT/msasl_short_ASL_Lesson_13_Describing.mp4.mkv,SHORT
SHORT/msasl_short_ASL_Opposites.mp4.mkv,SHORT
SHORT/msasl_short_Mastering_ASL_Unit_4_Vocabulary_signed_by_Dr_Wooten.mp4,SHORT
SHORT/msasl_short_Mastering_ASL_Unit_4_Vocabulary_signed_by_Dr_Wooten.mp4.mkv,SHORT
SHORT/msasl_short_SHORT(1).mp4.mkv,SHORT
SHORT/msasl_short_UNIT_7_VOCABULARY.mp4,SHORT
SHORT/msasl_short_Unit_08_Vocabulary.mp4.webm,SHORT
SHORT/msasl_short_Unit_19_ASL_UNT_Dori_Reeves.mp4,SHORT
SHORT/msasl_short_Unit_8.mp4,SHORT
SHORT/msasl_short_Unit_8_Vocabulary(1).mp4,SHORT
SHORT/wlasl_51220.mp4,SHORT
SHORT/wlasl_51221.mp4,SHORT
SHORT/wlasl_51223.mp4,SHORT
SHORT/wlasl_51224.mp4,SHORT
SHORT/wlasl_51225.mp4,SHORT
SHORT/wlasl_51226.mp4,SHORT
SHORT/wlasl_51227.mp4,SHORT
SHORT/wlasl_51231.mp4,SHORT
SHORT/wlasl_51232.mp4,SHORT
SHORT/wlasl_51233.mp4,SHORT
SISTER/desktop.ini,SISTER
SISTER/msasl_sister_ASL1_Class_20_New_SIGNS.mp4.mkv,SISTER
SISTER/msasl_sister_ASL_-_Immediate_Family.mp4.mkv,SISTER
SISTER/msasl_sister_ASL_1_Unit_4_Vocabulary(1).mp4.mkv,SISTER
SISTER/msasl_sister_ASL_1_Unit_4_Vocabulary.mp4.mkv,SISTER
SISTER/msasl_sister_ASL_FAMILY.mp4,SISTER
SISTER/msasl_sister_ASL_Family_Signs.mp4.webm,SISTER
SISTER/msasl_sister_ASL_I_-_Unit_5_Vocabulary_Review.mp4,SISTER
SISTER/msasl_sister_ASL_Signs_for_family_and_basic_school_related_words.mp4,SISTER
SISTER/msasl_sister_ASL_Sister_.mp4.mkv,SISTER
SISTER/msasl_sister_ASL_Vocabulary_(Spring_2018).mp4.webm,SISTER
SISTER/msasl_sister_ASL_Vocabulary_sister.mp4.mkv,SISTER
SISTER/msasl_sister_ASL_conversation_class_2.mp4.mkv,SISTER
SISTER/msasl_sister_American_Sign_Language_(ASL)_Family_Signs_-_Part_One.mp4.webm,SISTER
SISTER/msasl_sister_Basic_ASL_Vocabulary_for_Babies.mp4,SISTER
SISTER/msasl_sister_Basic_Sign_Language_for_Caregivers_(family).mp4.mkv,SISTER
SISTER/msasl_sister_Family_Signs_in_ASL_-_American_Sign_Language.mp4.webm,SISTER
SISTER/msasl_sister_Family_Voc_Unit.mp4.mkv,SISTER
SISTER/msasl_sister_Family_Vocabulary.mp4.mkv,SISTER
SISTER/msasl_sister_How_to_sign_Sister_-_ASL_Vocabulary_Series(1).mp4,SISTER
SISTER/msasl_sister_How_to_sign_Sister_-_ASL_Vocabulary_Series.mp4,SISTER
SISTER/msasl_sister_Kindergarten_ASL_Vocabulary_-_1.mp4.mkv,SISTER
SISTER/msasl_sister_Lesson_2_Vocabulary_-_A_Basic_Course_(ABC)_in_ASL.mp4.mkv,SISTER
SISTER/msasl_sister_Level_1_Unit_5_Vocabulary.mp4,SISTER
SISTER/msasl_sister_Mastering_ASL_Unit_4_Vocabulary_signed_by_Dr_Wooten.mp4.mkv,SISTER
SISTER/msasl_sister_People_Signs_in_ASL.mp4,SISTER
SISTER/msasl_sister_SISTER(2).mp4.mkv,SISTER
SISTER/msasl_sister_SISTER(3).mp4,SISTER
SISTER/msasl_sister_SISTER.mp4.webm,SISTER
SISTER/msasl_sister_SWIC_Community_Ed_-_Class_One.mp4,SISTER
SISTER/msasl_sister_Sign_SISTER.mp4,SISTER
SISTER/msasl_sister_Sign_SISTER.mp4.mkv,SISTER
SISTER/msasl_sister_Sister.mp4.mkv,SISTER
SISTER/msasl_sister_Unit_01_Vocabulary.mp4.webm,SISTER
SISTER/msasl_sister_Unit_1.mp4,SISTER
SISTER/msasl_sister_Unit_1_Vocabulary(3).mp4,SISTER
SISTER/msasl_sister_Unit_4_Family_Signs_Part_1_Members.mp4.mkv,SISTER
SISTER/msasl_sister_Unit_4_vocabulary_pg_1-3.mp4,SISTER
SISTER/msasl_sister_sister_-_ASL_sign_for_sister.mp4.webm,SISTER
SIT/ASLLVD_SIT__ASL_2008_01_11_scene68-1535-1580_camera1.mov,SIT
SIT/ASLLVD_SIT__ASL_2008_02_29_scene33-755-789_camera1.mov,SIT
SIT/ASLLVD_SIT__ASL_2008_05_12_scene42-2720-2755_camera1.mov,SIT
SIT/ASLLVD_SIT__ASL_2008_08_04_scene43-4821-4855_camera1.mov,SIT
SIT/ASLLVD_SIT__ASL_2011_06_08_scene26-6775-6811_camera1.mov,SIT
SIT/desktop.ini,SIT
SIT/msasl_sit_ASL1_Class_8_New_SIGNS.mp4,SIT
SIT/msasl_sit_ASL_-_Classroom.mp4.mkv,SIT
SIT/msasl_sit_ASL_-_Living_Room.mp4.mkv,SIT
SIT/msasl_sit_ASL_1_Unit_1_Vocabulary.mp4.mkv,SIT
SIT/msasl_sit_ASL_Basic_Classroom_Signs.mp4.mkv,SIT
SIT/msasl_sit_ASL_Chair_.mp4,SIT
SIT/msasl_sit_ASL_I_-_Unit_1_Vocabulary.mp4,SIT
SIT/msasl_sit_ASL_I_-_Unit_2_-_Vocabulary.mp4,SIT
SIT/msasl_sit_ASL_I_-_Unit_9_Vocabulary_Review.mp4.mkv,SIT
SIT/msasl_sit_ASL_UNIT_1_VOCAB_signing_naturally.mp4,SIT
SIT/msasl_sit_Aug_to_Oct_Voc_Captions.mp4.mkv,SIT
SIT/msasl_sit_BU_ASL_VocabOffice.mp4.mkv,SIT
SIT/msasl_sit_Basic_Sign_Language_for_Caregivers_(mealtime).mp4.mkv,SIT
SIT/msasl_sit_CHAIR(1).mp4,SIT
SIT/msasl_sit_CHAIR(3).mp4.mkv,SIT
SIT/msasl_sit_Chair.mp4.mkv,SIT
SIT/msasl_sit_Chair_in_Sign_Language_ASL_Dictionary_for_kids.mp4.webm,SIT
SIT/msasl_sit_First_100_Household_Items.mp4.mkv,SIT
SIT/msasl_sit_First_100_Verbs_in_ASL_with_captions.mp4.mkv,SIT
SIT/msasl_sit_Introductions_B_Review.mp4.mkv,SIT
SIT/msasl_sit_Learn_ASL_Basic_Furniture_Signs_in_American_Sign_Language_for_Beginners.mp4,SIT
SIT/msasl_sit_Learn_ASL_Basic_Furniture_Signs_in_American_Sign_Language_for_Beginners.mp4.webm,SIT
SIT/msasl_sit_Learn_American_Sign_Language_Basic_Vocabulary.mp4,SIT
SIT/msasl_sit_Lesson_3_Vocabulary_-_A_Basic_Course_(ABC)_in_ASL.mp4.mkv,SIT
SIT/msasl_sit_Mr_Jensen_ASL_-_School.mp4.mkv,SIT
SIT/msasl_sit_SIT(1).mp4,SIT
SIT/msasl_sit_SIT(2).mp4,SIT
SIT/msasl_sit_SWIC_Community_Ed_-_Class_Four.mp4.mkv,SIT
SIT/msasl_sit_School_Signs_in_ASL.mp4.mkv,SIT
SIT/msasl_sit_Signing_Naturally_Unit_1_Vocabulary.mp4.webm,SIT
SIT/msasl_sit_Sit.mp4.mkv,SIT
SIT/msasl_sit_Unit_03_Vocabulary.mp4.webm,SIT
SIT/msasl_sit_Unit_24_Vocabulary_(common_ASL_signs_part_three)_CC.mp4,SIT
SIT/msasl_sit_Unit_2_Vocabulary_ASL_Level_1_-_American_Sign_Language.mp4.webm,SIT
SIT/msasl_sit_Unit_3.mp4.mkv,SIT
SIT/msasl_sit_Unit_4_Vocabulary_(part_2)_ASL_American_Sign_Language.mp4,SIT
SIT/msasl_sit_Unit_5_Vocabularymp4.mp4,SIT
SIT/msasl_sit_chair_-_ASL_sign_for_chair.mp4.mkv,SIT
SIT/msasl_sit_sit.mp4.webm,SIT
SLEEP/ASLLVD_SLEEP__ASL_2008_02_29_scene34-3811-3850_camera1.mov,SLEEP
SLEEP/ASLLVD_SLEEP__ASL_2008_02_29_scene34-4045-4110_camera1.mov,SLEEP
SLEEP/ASLLVD_SLEEP__ASL_2010_08_10_scene12-2730-2763_camera1.mov,SLEEP
SLEEP/ASLLVD_SLEEP__ASL_2011_06_14_scene6-6323-6370_camera1.mov,SLEEP
SLEEP/ASLLVD_SLEEP__ASL_2011_07_19_scene86-4258-4275_camera1.mov,SLEEP
SLEEP/ASLLVD_SLEEP__ASL_2011_07_19_scene87-149-206_camera1.mov,SLEEP
SLEEP/desktop.ini,SLEEP
SLEEP/msasl_sleep_ASL1_Class_9_New_SIGNS.mp4.mkv,SLEEP
SLEEP/msasl_sleep_ASL_-_Rotuines.mp4.mkv,SLEEP
SLEEP/msasl_sleep_ASL_ACTIONS.mp4.mkv,SLEEP
SLEEP/msasl_sleep_ASL_Basic_Classroom_Signs.mp4.mkv,SLEEP
SLEEP/msasl_sleep_ASL_II_Unit_12.mp4.mkv,SLEEP
SLEEP/msasl_sleep_Asl_vocab_2.mp4.mkv,SLEEP
SLEEP/msasl_sleep_Evening_Routines_ASL_-_American_Sign_Language.mp4.mkv,SLEEP
SLEEP/msasl_sleep_First_100_Verbs_in_ASL_with_captions.mp4.mkv,SLEEP
SLEEP/msasl_sleep_Lesson_10_Vocabulary_-_A_Basic_Course_(ABC)_in_ASL.mp4.mkv,SLEEP
SLEEP/msasl_sleep_Mary_Did_You_Know_ASL_vocabulary.mp4,SLEEP
SLEEP/msasl_sleep_SLEEP(2).mp4.mkv,SLEEP
SLEEP/msasl_sleep_SLEEP.mp4,SLEEP
SLEEP/msasl_sleep_Signing_Naturally_Unit_2.mp4.mkv,SLEEP
SLEEP/msasl_sleep_Unit_24_Vocabulary_(common_ASL_signs_part_three)_CC.mp4,SLEEP
SLEEP/msasl_sleep_sleep_-_ASL_sign_for_sleep.mp4.mkv,SLEEP
SON/ASLLVD_SON__ASL_2008_02_29_scene38-2080-2131_camera1.mov,SON
SON/ASLLVD_SON__ASL_2011_07_19_scene91-420-446_camera1.mov,SON
SON/desktop.ini,SON
SON/msasl_son_ASL1_Class_21_New_SIGNS.mp4.webm,SON
SON/msasl_son_ASL_-_Extended_Family.mp4.mkv,SON
SON/msasl_son_ASL_1_Unit_3_Vocabulary.mp4.mkv,SON
SON/msasl_son_ASL_1_Unit_4_Vocabulary(1).mp4.mkv,SON
SON/msasl_son_ASL_1_Unit_4_Vocabulary.mp4,SON
SON/msasl_son_ASL_FAMILY.mp4,SON
SON/msasl_son_ASL_I_-_Unit_5_Vocabulary_Review.mp4,SON
SON/msasl_son_ASL_Signs_for_family_and_basic_school_related_words.mp4,SON
SON/msasl_son_ASL_Son_.mp4,SON
SON/msasl_son_American_Sign_Language_(ASL)_Family_Signs_-_Part_One.mp4.webm,SON
SON/msasl_son_Asl_1_Unit_2_Vocab.mp4.mkv,SON
SON/msasl_son_Family_Signs_in_ASL_-_American_Sign_Language.mp4.webm,SON
SON/msasl_son_Family_Voc_Unit.mp4.mkv,SON
SON/msasl_son_Family_Vocabulary.mp4.mkv,SON
SON/msasl_son_Lesson_2_Vocabulary_-_A_Basic_Course_(ABC)_in_ASL.mp4.mkv,SON
SON/msasl_son_Level_1_Unit_5_Vocabulary.mp4,SON
SON/msasl_son_Mary_Did_You_Know_ASL_vocabulary.mp4,SON
SON/msasl_son_Mastering_ASL_Unit_4_Vocabulary_signed_by_Dr_Wooten.mp4.mkv,SON
SON/msasl_son_SON(2).mp4,SON
SON/msasl_son_Sign_SON.mp4.mkv,SON
SON/msasl_son_Unit_08_Vocabulary.mp4.webm,SON
SON/msasl_son_Unit_4_vocabulary_pg_1-3.mp4,SON
SON/msasl_son_Unit_8_Vocabulary(1).mp4,SON
SON/wlasl_53268.mp4,SON
SON/wlasl_53269.mp4,SON
SON/wlasl_53270.mp4,SON
SON/wlasl_53271.mp4,SON
SON/wlasl_53273.mp4,SON
SON/wlasl_53274.mp4,SON
SON/wlasl_53275.mp4,SON
STUDY/ASLLVD_STUDY__ASL_2008_02_29_scene51-455-500_camera1.mov,STUDY
STUDY/ASLLVD_STUDY__ASL_2011_06_08_scene24-13226-13280_camera1.mov,STUDY
STUDY/ASLLVD_STUDY__ASL_2011_07_19_scene102-1551-1586_camera1.mov,STUDY
STUDY/desktop.ini,STUDY
STUDY/msasl_study_ASL1_Class_9_New_SIGNS.mp4.mkv,STUDY
STUDY/msasl_study_ASL_-_Activities_in_School.mp4.mkv,STUDY
STUDY/msasl_study_ASL_1_Final_Vocabulary.mp4.mkv,STUDY
STUDY/msasl_study_ASL_1_Set_4_Supplemental_Vocabulary.mp4.mkv,STUDY
STUDY/msasl_study_ASL_1_Unit_5_Vocabulary.mp4.webm,STUDY
STUDY/msasl_study_ASL_I_-_Unit_6_Vocabulary_Review.mp4,STUDY
STUDY/msasl_study_ASL_Study_.mp4,STUDY
STUDY/msasl_study_ASL_Vocabulary_(Spring_2018).mp4.webm,STUDY
STUDY/msasl_study_ASL_school_vocab.mp4,STUDY
STUDY/msasl_study_ActionsVerbs_in_school_ASL.mp4,STUDY
STUDY/msasl_study_Introduction_to_American_Sign_Language_Questions_and_Small_Talk.mp4.mkv,STUDY
STUDY/msasl_study_Learn_ASL_Beginner_vocabulary_about_school_and_learning_in_American_Sign_Language.mp4,STUDY
STUDY/msasl_study_Learn_ASL_Beginner_vocabulary_about_school_and_learning_in_American_Sign_Language.mp4.mkv,STUDY
STUDY/msasl_study_Lesson_8_Vocabulary_-_A_Basic_Course_(ABC)_in_ASL.mp4.mkv,STUDY
STUDY/msasl_study_Mr_Jensen_ASL_-_School.mp4.mkv,STUDY
STUDY/msasl_study_STUDY(2).mp4.mkv,STUDY
STUDY/msasl_study_STUDY(3).mp4,STUDY
STUDY/msasl_study_STUDY(4).mp4.mkv,STUDY
STUDY/msasl_study_School_Signs_in_ASL.mp4.mkv,STUDY
STUDY/msasl_study_Study.mp4.mkv,STUDY
STUDY/msasl_study_Unit_2_Vocabulary_ASL_Level_1_-_American_Sign_Language.mp4.webm,STUDY
STUDY/msasl_study_Useful_vocab.mp4,STUDY
STUDY/wlasl_55361.mp4,STUDY
STUDY/wlasl_55362.mp4,STUDY
STUDY/wlasl_55363.mp4,STUDY
STUDY/wlasl_55364.mp4,STUDY
STUDY/wlasl_55365.mp4,STUDY
STUDY/wlasl_55366.mp4,STUDY
STUDY/wlasl_55368.mp4,STUDY
STUDY/wlasl_55369.mp4,STUDY
TABLE/ASLLVD_TABLE__ASL_2008_03_28_scene3-2001-2037_camera1.mov,TABLE
TABLE/desktop.ini,TABLE
TABLE/msasl_table_ASL1_Class_7_New_SIGNS.mp4.mkv,TABLE
TABLE/msasl_table_ASL2_Unit_13.mp4.mkv,TABLE
TABLE/msasl_table_ASL_-_Classroom.mp4,TABLE
TABLE/msasl_table_ASL_-_Living_Room.mp4.mkv,TABLE
TABLE/msasl_table_ASL_1_Unit_3_Vocabulary.mp4.mkv,TABLE
TABLE/msasl_table_ASL_Classifiers_(CLs)_for_Furniture_Objects.mp4.webm,TABLE
TABLE/msasl_table_ASL_I_-_Unit_9_Vocabulary_Review.mp4.mkv,TABLE
TABLE/msasl_table_ASL_Table_.mp4,TABLE
TABLE/msasl_table_Aug_to_Oct_Voc_Captions.mp4.mkv,TABLE
TABLE/msasl_table_BU_ASL_VocabOffice.mp4.mkv,TABLE
TABLE/msasl_table_Basic_Sign_Language_for_Caregivers_(mealtime).mp4.mkv,TABLE
TABLE/msasl_table_DESK.mp4.mkv,TABLE
TABLE/msasl_table_DESK_TABLE.mp4.mkv,TABLE
TABLE/msasl_table_First_100_Household_Items.mp4,TABLE
TABLE/msasl_table_Furniture_and_Objects_Vocabulary_ASL_-_American_Sign_Language.mp4.mkv,TABLE
TABLE/msasl_table_Learn_ASL_Basic_Furniture_Signs_in_American_Sign_Language_for_Beginners.mp4.webm,TABLE
TABLE/msasl_table_Lesson_3_Vocabulary_-_A_Basic_Course_(ABC)_in_ASL.mp4.mkv,TABLE
TABLE/msasl_table_Next_Words_School_Items_in_ASL_with_captions.mp4,TABLE
TABLE/msasl_table_School_Signs_in_ASL.mp4.mkv,TABLE
TABLE/msasl_table_Sign_for_DESK_from_page_25.mp4.mkv,TABLE
TABLE/msasl_table_TABLE(2).mp4.mkv,TABLE
TABLE/msasl_table_TABLE(3).mp4.mkv,TABLE
TABLE/msasl_table_Table_in_Sign_Language_ASL_Dictionary_for_kids.mp4.webm,TABLE
TABLE/msasl_table_Unit_03_Vocabulary.mp4.webm,TABLE
TABLE/msasl_table_Unit_07_Vocabulary.mp4.webm,TABLE
TABLE/msasl_table_Unit_2_Vocabulary_ASL_Level_1_-_American_Sign_Language.mp4.webm,TABLE
TABLE/msasl_table_Unit_3.mp4.mkv,TABLE
TABLE/msasl_table_Unit_3_Vocabulary.mp4,TABLE
TABLE/msasl_table_Unit_4_Vocabulary_(part_2)_ASL_American_Sign_Language.mp4,TABLE
TABLE/msasl_table_Unit_7_Vocabularymp4.mp4.mkv,TABLE
TABLE/msasl_table_table(1).mp4.mkv,TABLE
TABLE/msasl_table_table.mp4.mkv,TABLE
TABLE/msasl_table_table_-_ASL_sign_for_table.mp4,TABLE
TABLE/wlasl_56556.mp4,TABLE
TABLE/wlasl_56557.mp4,TABLE
TABLE/wlasl_56558.mp4,TABLE
TABLE/wlasl_56563.mp4,TABLE
TALL/ASLLVD_TALL__ASL_2008_03_28_scene4-3016-3060_camera1.mov,TALL
TALL/ASLLVD_TALL__ASL_2011_06_14_scene33-2572-2590_camera1.mov,TALL
TALL/ASLLVD_TALL__ASL_2011_07_19_scene109-752-767_camera1.mov,TALL
TALL/desktop.ini,TALL
TALL/msasl_tall_ASL1_Class_48_New_SIGNS.mp4.mkv,TALL
TALL/msasl_tall_ASL_ACTIONS.mp4.mkv,TALL
TALL/msasl_tall_ASL_I_-_Unit_8.mp4,TALL
TALL/msasl_tall_ASL_Lesson_13_Describing.mp4.mkv,TALL
TALL/msasl_tall_ASL_Opposites.mp4.mkv,TALL
TALL/msasl_tall_Lesson_1_Vocabulary_-_A_Basic_Course_(ABC)_in_ASL.mp4.mkv,TALL
TALL/msasl_tall_Mr_Miseners_ASL_lesson_1_vocab_review.mp4.mkv,TALL
TALL/msasl_tall_TALL(1).mp4.mkv,TALL
TALL/msasl_tall_TALL(2).mp4.mkv,TALL
TALL/msasl_tall_TALL-bent-hand-version.mp4.mkv,TALL
TALL/msasl_tall_TALL.mp4,TALL
TALL/msasl_tall_UNIT_7_VOCABULARY.mp4.webm,TALL
TALL/msasl_tall_Unit_04_Vocabulary.mp4.webm,TALL
TALL/msasl_tall_Unit_4_Vocabularymp4.mp4.mkv,TALL
TALL/wlasl_56837.mp4,TALL
TALL/wlasl_56838.mp4,TALL
TALL/wlasl_56839.mp4,TALL
TALL/wlasl_56840.mp4,TALL
TALL/wlasl_56841.mp4,TALL
TALL/wlasl_56842.mp4,TALL
TALL/wlasl_56843.mp4,TALL
TALL/wlasl_56844.mp4,TALL
TALL/wlasl_56846.mp4,TALL
TALL/wlasl_56848.mp4,TALL
THANK-YOU/desktop.ini,THANK-YOU
THANK-YOU/msasl_thank-you_ASL1_Class_4_New_SIGNS_plus_Partner_Practice_QA_and_p29_Dialogue.mp4.mkv,THANK-YOU
THANK-YOU/msasl_thank-you_ASL_-_ASL_Necessities_for_ASL_1.mp4.mkv,THANK-YOU
THANK-YOU/msasl_thank-you_ASL_1_Unit_3_Vocabulary.mp4.mkv,THANK-YOU
THANK-YOU/msasl_thank-you_ASL_Class_02-08-10.mp4.mkv,THANK-YOU
THANK-YOU/msasl_thank-you_ASL_Lesson_1(1).mp4.webm,THANK-YOU
THANK-YOU/msasl_thank-you_ASL_Lesson_1.mp4.mkv,THANK-YOU
THANK-YOU/msasl_thank-you_Aug_to_Oct_Voc_Captions.mp4.mkv,THANK-YOU
THANK-YOU/msasl_thank-you_Basic_Sign_Language_for_Caregivers_(mealtime).mp4.mkv,THANK-YOU
THANK-YOU/msasl_thank-you_Basic_Sign_Language_for_Caregivers_of_the_DeafHard_of_Hearing.mp4,THANK-YOU
THANK-YOU/msasl_thank-you_Beginner_Vocabulary.mp4.mkv,THANK-YOU
THANK-YOU/msasl_thank-you_Examples_of_Baby_Sign_Language.mp4,THANK-YOU
THANK-YOU/msasl_thank-you_First_100_Social_Function.mp4.mkv,THANK-YOU
THANK-YOU/msasl_thank-you_Introductions_B_Review.mp4.mkv,THANK-YOU
THANK-YOU/msasl_thank-you_Lesson_3_Vocabulary_-_A_Basic_Course_(ABC)_in_ASL.mp4,THANK-YOU
THANK-YOU/msasl_thank-you_Thank_you.mp4,THANK-YOU
THANK-YOU/msasl_thank-you_Thank_you_-_Asl.mp4,THANK-YOU
THANK-YOU/msasl_thank-you_The_First_100_Signs_You_Need_to_Know.mp4.webm,THANK-YOU
THANK-YOU/msasl_thank-you_Unit_03_Vocabulary.mp4.webm,THANK-YOU
THANK-YOU/msasl_thank-you_Unit_1_Vocabulary.mp4.mkv,THANK-YOU
THANK-YOU/msasl_thank-you_Unit_1_Vocabulary_ASL_Level_1_-_American_Sign_Language.mp4.webm,THANK-YOU
THANK-YOU/msasl_thank-you_thank_you_in_American_Sign_Language.mp4,THANK-YOU
TIME/ASLLVD_TIME__ASL_2008_03_28_scene18-1440-1470_camera1.mov,TIME
TIME/desktop.ini,TIME
TIME/msasl_time_ASL1_Class_26_New_SIGNS.mp4.webm,TIME
TIME/msasl_time_ASL_1_Set_1_Supplemental_Vocabulary.mp4.mkv,TIME
TIME/msasl_time_ASL_Time.mp4,TIME
TIME/msasl_time_ASL_Vocabulary_Unit_5.mp4.mkv,TIME
TIME/msasl_time_ASL_Vocabulary_time.mp4.mkv,TIME
TIME/msasl_time_Asl_vocab_2.mp4.mkv,TIME
TIME/msasl_time_Aug_to_Oct_Voc_Captions.mp4.mkv,TIME
TIME/msasl_time_Baby_Language_Song_(ASL)_Basic_Words_and_Commands_8_by_Patty_Shukla.mp4,TIME
TIME/msasl_time_Learn_ASL_Beginner_vocabulary_about_school_and_learning_in_American_Sign_Language.mp4,TIME
TIME/msasl_time_Lesson_7_Vocabulary_-_A_Basic_Course_(ABC)_in_ASL.mp4.mkv,TIME
TIME/msasl_time_Mastering_ASL_Unit_5_Vocabulary_signed_by_Dr_Wooten.mp4.mkv,TIME
TIME/msasl_time_Mr_Miseners_ASL_lesson_7_vocabulary.mp4.mkv,TIME
TIME/msasl_time_SWIC_Community_Ed_-_Class_Two.mp4.mkv,TIME
TIME/msasl_time_The_First_100_Signs_You_Need_to_Know.mp4.webm,TIME
TIME/msasl_time_Time_Day_Voc.mp4.mkv,TIME
TIME/msasl_time_Time_Signs_ASL.mp4,TIME
TIME/msasl_time_Time_in_Sign_Language_ASL_Dictionary_for_kids.mp4,TIME
TIME/msasl_time_UNIT_10_VOCABULARY.mp4.mkv,TIME
TIME/msasl_time_UNIT_13_Vocabulary_-_turn_on_CC_-_Time_Days_of_the_Week_-_ASL_American_Sign_Language.mp4,TIME
TIME/msasl_time_UNIT_9_VOCABULARY.mp4.mkv,TIME
TIME/msasl_time_Unit_8_Vocabulary(1).mp4,TIME
TIME/msasl_time_Useful_vocab.mp4,TIME
TIME/msasl_time_time(1).mp4.mkv,TIME
TIME/msasl_time_time.mp4.mkv,TIME
TIME/wlasl_58497.mp4,TIME
TIME/wlasl_58498.mp4,TIME
TIME/wlasl_58499.mp4,TIME
TIME/wlasl_58502.mp4,TIME
TIME/wlasl_58503.mp4,TIME
TIME/wlasl_69511.mp4,TIME
TOMORROW/ASLLVD_TOMORROW__ASL_2008_03_28_scene19-2731-2757_camera1.mov,TOMORROW
TOMORROW/ASLLVD_TOMORROW__ASL_2011_07_22_scene7-2654-2669_camera1.mov,TOMORROW
TOMORROW/desktop.ini,TOMORROW
TOMORROW/msasl_tomorrow_ASL1_Class_38_New_SIGNS.mp4,TOMORROW
TOMORROW/msasl_tomorrow_ASL1_Class_4_New_SIGNS_plus_Partner_Practice_QA_and_p29_Dialogue.mp4.mkv,TOMORROW
TOMORROW/msasl_tomorrow_ASL_1_Set_3_Supplemental_Vocabulary.mp4.mkv,TOMORROW
TOMORROW/msasl_tomorrow_ASL_1_Unit_5_Vocabulary.mp4.webm,TOMORROW
TOMORROW/msasl_tomorrow_ASL_I_-_Unit_6_Vocabulary_Review.mp4.mkv,TOMORROW
TOMORROW/msasl_tomorrow_ASL_Level_1_Unit_6_Vocabulary.mp4.mkv,TOMORROW
TOMORROW/msasl_tomorrow_ASL_Opposites.mp4.mkv,TOMORROW
TOMORROW/msasl_tomorrow_ASL_Time.mp4,TOMORROW
TOMORROW/msasl_tomorrow_ASL_Tomorrow_.mp4.mkv,TOMORROW
TOMORROW/msasl_tomorrow_ASL_Unit_One_Vocabulary.mp4,TOMORROW
TOMORROW/msasl_tomorrow_ASL_Vocabulary_-_Future_Tense.mp4.mkv,TOMORROW
TOMORROW/msasl_tomorrow_Aug_to_Oct_Voc_Captions.mp4,TOMORROW
TOMORROW/msasl_tomorrow_Introductions_B_Review.mp4.mkv,TOMORROW
TOMORROW/msasl_tomorrow_Lesson_5_Vocabulary_-_A_Basic_Course_(ABC)_in_ASL.mp4.mkv,TOMORROW
TOMORROW/msasl_tomorrow_SWIC_Community_Ed_-_Class_Two.mp4.mkv,TOMORROW
TOMORROW/msasl_tomorrow_Signing_Naturally_Unit_1_Vocabulary.mp4.webm,TOMORROW
TOMORROW/msasl_tomorrow_TOMORROW(1).mp4,TOMORROW
TOMORROW/msasl_tomorrow_TOMORROW(2).mp4.mkv,TOMORROW
TOMORROW/msasl_tomorrow_TOMORROW(3).mp4.mkv,TOMORROW
TOMORROW/msasl_tomorrow_TOMORROW.mp4.webm,TOMORROW
TOMORROW/msasl_tomorrow_Time_Day_Voc.mp4.mkv,TOMORROW
TOMORROW/msasl_tomorrow_Tomorrow.mp4.mkv,TOMORROW
TOMORROW/msasl_tomorrow_Unit_08_Vocabulary.mp4.webm,TOMORROW
TOMORROW/msasl_tomorrow_Unit_1(1).mp4.webm,TOMORROW
TOMORROW/msasl_tomorrow_Unit_1_Vocabulary.mp4.mkv,TOMORROW
TOMORROW/msasl_tomorrow_Unit_1_Vocabulary_ASL_Level_1_-_American_Sign_Language.mp4.webm,TOMORROW
TOMORROW/msasl_tomorrow_Unit_2_Vocabulary_(Part_3)_(rev_2018).mp4,TOMORROW
TOMORROW/msasl_tomorrow_Unit_8.mp4.mkv,TOMORROW
TOMORROW/msasl_tomorrow_Unit_8_Vocabulary(1).mp4,TOMORROW
TOMORROW/msasl_tomorrow_Useful_vocab.mp4,TOMORROW
WALK/ASLLVD_WALK__ASL_2008_02_01_scene22-2036-2120_camera1.mov,WALK
WALK/ASLLVD_WALK__ASL_2008_03_28_scene34-2145-2200_camera1.mov,WALK
WALK/ASLLVD_WALK__ASL_2008_03_28_scene34-2365-2425_camera1.mov,WALK
WALK/ASLLVD_WALK__ASL_2008_05_29_scene50-1540-1591_camera1.mov,WALK
WALK/ASLLVD_WALK__ASL_2008_08_13_scene18-3690-3768_camera1.mov,WALK
WALK/ASLLVD_WALK__ASL_2011_06_14_scene34-2379-2437_camera1.mov,WALK
WALK/ASLLVD_WALK__ASL_2011_06_14_scene34-2607-2666_camera1.mov,WALK
WALK/ASLLVD_WALK__ASL_2011_07_22_scene22-2216-2277_camera1.mov,WALK
WALK/ASLLVD_WALK__ASL_2011_07_22_scene22-2423-2493_camera1.mov,WALK
WALK/ASLLVD_WALK__ASL_2011_07_22_scene44-2033-2080_camera1.mov,WALK
WALK/desktop.ini,WALK
WALK/msasl_walk_ASL1_Class_9_New_SIGNS.mp4.mkv,WALK
WALK/msasl_walk_ASL2_Class_50_SIGNS.mp4.mkv,WALK
WALK/msasl_walk_ASL_1_Unit_3_Vocabulary.mp4.mkv,WALK
WALK/msasl_walk_ASL_ACTIONS.mp4.mkv,WALK
WALK/msasl_walk_ASL_I_-_Unit_4_Vocabulary_Review.mp4,WALK
WALK/msasl_walk_ASL_Vocabulary_(Spring_2018).mp4.webm,WALK
WALK/msasl_walk_Asl_vocab_2.mp4.mkv,WALK
WALK/msasl_walk_Aug_to_Oct_Voc_Captions.mp4,WALK
WALK/msasl_walk_First_100_Verbs_in_ASL_with_captions.mp4.mkv,WALK
WALK/msasl_walk_Introductions_B_Review.mp4,WALK
WALK/msasl_walk_Learn_ASL_Signs_for_SPORTS.mp4,WALK
WALK/msasl_walk_Learn_ASL_Signs_for_SPORTS.mp4.mkv,WALK
WALK/msasl_walk_Learn_American_Sign_Language_Basic_Vocabulary.mp4,WALK
WALK/msasl_walk_Lesson_5_Vocabulary_-_A_Basic_Course_(ABC)_in_ASL.mp4.mkv,WALK
WALK/msasl_walk_Mary_Did_You_Know_ASL_vocabulary.mp4,WALK
WALK/msasl_walk_Outdoor_Play_Signs_2_in_ASL.mp4.mkv,WALK
WALK/msasl_walk_Signing_Naturally_Unit_2.mp4.mkv,WALK
WALK/msasl_walk_Unit_10_Vocabulary.mp4.mkv,WALK
WALK/msasl_walk_Unit_10_Vocabulary_-_Part_2mp4.mp4.mkv,WALK
WALK/msasl_walk_Unit_25_-_Vocabulary_Common_ASL_signs_(part_4)_CC.mp4,WALK
WALK/msasl_walk_Unit_2_Vocabulary_(Part_2_Leisure_Activities).mp4,WALK
WALK/msasl_walk_Unit_2_Vocabulary_ASL_Level_1_-_American_Sign_Language.mp4.webm,WALK
WALK/msasl_walk_Unit_8_Vocabulary_-_More_travel-related_vocabulary_(turn_on_captions).mp4,WALK
WALK/msasl_walk_WALK(1).mp4.mkv,WALK
WALK/msasl_walk_WALK(2).mp4,WALK
WALK/msasl_walk_WALK_(1st_alternative).mp4.mkv,WALK
WALK/msasl_walk_WALK_(2nd_alternative).mp4.mkv,WALK
WALK/msasl_walk_WALK_(3rd_alternative).mp4.mkv,WALK
WALK/msasl_walk_Walk.mp4.mkv,WALK
WALK/msasl_walk_Walk_in_Sign_Language_ASL_Dictionary_for_kids.mp4.webm,WALK
WALK/wlasl_62158.mp4,WALK
WALK/wlasl_62159.mp4,WALK
WALK/wlasl_62160.mp4,WALK
WALK/wlasl_62163.mp4,WALK
WALK/wlasl_62164.mp4,WALK
WALK/wlasl_62168.mp4,WALK
WALK/wlasl_62169.mp4,WALK
WALK/wlasl_62170.mp4,WALK
WANT/ASLLVD_WANT__ASL_2008_03_28_scene35-350-390_camera1.mov,WANT
WANT/ASLLVD_WANT__ASL_2011_07_22_scene23-974-998_camera1.mov,WANT
WANT/desktop.ini,WANT
WANT/msasl_want_ASL1_Class_3_New_SIGNS.mp4.mkv,WANT
WANT/msasl_want_ASL1_Class_5_New_SIGNS.mp4.mkv,WANT
WANT/msasl_want_ASL_1_Set_5_Supplemental_Vocabulary.mp4,WANT
WANT/msasl_want_ASL_1_Unit_4_Vocabulary(1).mp4.mkv,WANT
WANT/msasl_want_ASL_1_Unit_4_Vocabulary.mp4.mkv,WANT
WANT/msasl_want_ASL_Top_ASL_Signs_for_Servers.mp4.mkv,WANT
WANT/msasl_want_ASL_Unit_One_Vocabulary.mp4,WANT
WANT/msasl_want_ASL_Want_.mp4.mkv,WANT
WANT/msasl_want_Aug_to_Oct_Voc_Captions.mp4.mkv,WANT
WANT/msasl_want_Baby_Language_Song_(ASL)_Basic_Words_and_Commands_4_by_Patty_Shukla.mp4.webm,WANT
WANT/msasl_want_Basic_ASL_Vocabulary_for_Babies.mp4,WANT
WANT/msasl_want_Basic_Sign_Language_for_Caregivers_(mealtime).mp4.mkv,WANT
WANT/msasl_want_Basic_Sign_Language_for_Caregivers_of_the_DeafHard_of_Hearing.mp4.webm,WANT
WANT/msasl_want_Beginner_Vocabulary.mp4.mkv,WANT
WANT/msasl_want_Introduction_to_American_Sign_Language_Questions_and_Small_Talk.mp4.mkv,WANT
WANT/msasl_want_Introductions_B_Review.mp4.mkv,WANT
WANT/msasl_want_LASL_-_Ch_6_Vocab.mp4.mkv,WANT
WANT/msasl_want_Learn_American_Sign_Language_Basic_Vocabulary.mp4,WANT
WANT/msasl_want_Lesson_3_Vocabulary_-_A_Basic_Course_(ABC)_in_ASL.mp4.mkv,WANT
WANT/msasl_want_Making_Introductions_Vocabulary_ASL_-_American_Sign_Language.mp4.webm,WANT
WANT/msasl_want_Signing_Naturally_Unit_4_Vocabulary.mp4.mkv,WANT
WANT/msasl_want_Unit_06_Vocabulary.mp4.webm,WANT
WANT/msasl_want_Unit_1(1).mp4.webm,WANT
WANT/msasl_want_Unit_1_Vocabulary.mp4.mkv,WANT
WANT/msasl_want_Unit_1_Vocabulary_ASL_Level_1_-_American_Sign_Language.mp4.webm,WANT
WANT/msasl_want_Unit_6.mp4.mkv,WANT
WANT/msasl_want_Useful_vocab.mp4,WANT
WANT/msasl_want_WANT(3).mp4,WANT
WANT/msasl_want_Want(1).mp4.mkv,WANT
WANT/msasl_want_Want.mp4.mkv,WANT
WANT/msasl_want_want_-_ASL_sign_for_want.mp4.mkv,WANT
WANT/wlasl_62244.mp4,WANT
WANT/wlasl_62245.mp4,WANT
WANT/wlasl_62246.mp4,WANT
WANT/wlasl_62247.mp4,WANT
WANT/wlasl_62248.mp4,WANT
WANT/wlasl_62250.mp4,WANT
WANT/wlasl_62251.mp4,WANT
WANT/wlasl_69524.mp4,WANT
WATER/ASLLVD_WATER__ASL_2008_03_28_scene36-3590-3624_camera1.mov,WATER
WATER/ASLLVD_WATER__ASL_2011_07_22_scene25-407-445_camera1.mov,WATER
WATER/desktop.ini,WATER
WATER/msasl_water_ASL1_Class_11_New_SIGNS.mp4.mkv,WATER
WATER/msasl_water_ASL_-_ASL_Necessities_for_ASL_1.mp4.mkv,WATER
WATER/msasl_water_ASL_Basic_Classroom_Signs.mp4.mkv,WATER
WATER/msasl_water_ASL_Lesson_10_MoneyFood.mp4.mkv,WATER
WATER/msasl_water_ASL_Level_1_Unit_3_Vocabulary.mp4,WATER
WATER/msasl_water_ASL_UNIT_1_VOCAB_signing_naturally.mp4,WATER
WATER/msasl_water_ASL_Water_.mp4,WATER
WATER/msasl_water_ASL_conversational_signs.mp4,WATER
WATER/msasl_water_ASL_food.mp4,WATER
WATER/msasl_water_Asl_vocab_2.mp4.mkv,WATER
WATER/msasl_water_Basic_Sign_Language_for_Caregivers_(bath_time).mp4,WATER
WATER/msasl_water_Basic_Sign_Language_for_Caregivers_(bath_time).mp4.mkv,WATER
WATER/msasl_water_Basic_Sign_Language_for_Caregivers_(mealtime).mp4.mkv,WATER
WATER/msasl_water_Basic_Sign_Language_for_Caregivers_of_the_DeafHard_of_Hearing.mp4.webm,WATER
WATER/msasl_water_Food_Signs_in_ASL.mp4.mkv,WATER
WATER/msasl_water_Food_unit_(first_three_pages).mp4,WATER
WATER/msasl_water_Learn_American_Sign_Language_Basic_Vocabulary.mp4,WATER
WATER/msasl_water_Lesson_5_Vocabulary_-_A_Basic_Course_(ABC)_in_ASL.mp4.mkv,WATER
WATER/msasl_water_Mary_Did_You_Know_ASL_vocabulary.mp4,WATER
WATER/msasl_water_Outdoor_Play_Signs_2_in_ASL.mp4.mkv,WATER
WATER/msasl_water_SWIC_Community_Ed_-_Class_Three.mp4,WATER
WATER/msasl_water_School_Locations_ASL_-_American_Sign_Language.mp4.mkv,WATER
WATER/msasl_water_UNIT_11.mp4.mkv,WATER
WATER/msasl_water_Unit_11_Vocabulary.mp4.mkv,WATER
WATER/msasl_water_Unit_11_Vocabularymp4.mp4.mkv,WATER
WATER/msasl_water_Unit_12_Vocabulary_Turn_on_CC_Food_Part_III_in_ASL.mp4,WATER
WATER/msasl_water_Unit_2_Vocabulary_(Part_2_Leisure_Activities).mp4,WATER
WATER/msasl_water_Unit_2_Vocabulary_ASL_Level_1_-_American_Sign_Language.mp4.webm,WATER
WATER/msasl_water_WATER(2).mp4.mkv,WATER
WATER/msasl_water_WATER(3).mp4,WATER
WATER/msasl_water_WATER(4).mp4.mkv,WATER
WATER/msasl_water_Water(1).mp4.mkv,WATER
WATER/msasl_water_Water_-_Asl.mp4,WATER
WATER/msasl_water_Water_in_Sign_Language_ASL_Dictionary_for_kids.mp4.webm,WATER
WATER/msasl_water_water.mp4,WATER
WATER/msasl_water_water_-_ASL_sign_for_water.mp4,WATER
WATER/wlasl_62499.mp4,WATER
WATER/wlasl_62500.mp4,WATER
WATER/wlasl_62501.mp4,WATER
WATER/wlasl_62502.mp4,WATER
WATER/wlasl_62503.mp4,WATER
WATER/wlasl_62505.mp4,WATER
WATER/wlasl_62506.mp4,WATER
WEEKEND/ASLLVD_WEEKEND__ASL_2008_01_18_scene2-2085-2120_camera1.mov,WEEKEND
WEEKEND/ASLLVD_WEEKEND__ASL_2008_01_18_scene31-1105-1150_camera1.mov,WEEKEND
WEEKEND/ASLLVD_WEEKEND__ASL_2008_02_29_scene13-1795-1840_camera1.mov,WEEKEND
WEEKEND/ASLLVD_WEEKEND__ASL_2008_03_28_scene38-1281-1305_camera1.mov,WEEKEND
WEEKEND/ASLLVD_WEEKEND__ASL_2008_08_06_scene2-3045-3070_camera1.mov,WEEKEND
WEEKEND/ASLLVD_WEEKEND__ASL_2008_08_06_scene31-1680-1702_camera1.mov,WEEKEND
WEEKEND/ASLLVD_WEEKEND__ASL_2011_06_08_scene29-10912-10935_camera1.mov,WEEKEND
WEEKEND/ASLLVD_WEEKEND__ASL_2011_06_14_scene11-9937-9961_camera1.mov,WEEKEND
WEEKEND/ASLLVD_WEEKEND__ASL_2011_07_19_scene58-1220-1240_camera1.mov,WEEKEND
WEEKEND/ASLLVD_WEEKEND__ASL_2011_07_22_scene26-2471-2500_camera1.mov,WEEKEND
WEEKEND/desktop.ini,WEEKEND
WEEKEND/msasl_weekend_ASL1_Class_11_New_SIGNS.mp4.mkv,WEEKEND
WEEKEND/msasl_weekend_ASL_1_Set_2_Supplemental_Vocabulary.mp4.mkv,WEEKEND
WEEKEND/msasl_weekend_ASL_1_Unit_5_Vocabulary.mp4.webm,WEEKEND
WEEKEND/msasl_weekend_ASL_Weekday.mp4.webm,WEEKEND
WEEKEND/msasl_weekend_ASL_Weekend.mp4,WEEKEND
WEEKEND/msasl_weekend_Aug_to_Oct_Voc_Captions.mp4.mkv,WEEKEND
WEEKEND/msasl_weekend_Time_Signs_ASL.mp4,WEEKEND
WEEKEND/msasl_weekend_Unit_09_Vocabulary.mp4.mkv,WEEKEND
WEEKEND/msasl_weekend_Unit_2_Vocabulary_(Part_3)_(rev_2018).mp4,WEEKEND
WEEKEND/msasl_weekend_Unit_2_Vocabulary_ASL_Level_1_-_American_Sign_Language.mp4.webm,WEEKEND
WEEKEND/msasl_weekend_Unit_9.mp4.mkv,WEEKEND
WEEKEND/msasl_weekend_WEEKEND.mp4,WEEKEND
WEEKEND/msasl_weekend_weekend.mp4.mkv,WEEKEND
WHAT/ASLLVD_WHAT__ASL_2008_01_11_scene22-585-620_camera1.mov,WHAT
WHAT/ASLLVD_WHAT__ASL_2008_03_28_scene39-1890-1928_camera1.mov,WHAT
WHAT/ASLLVD_WHAT__ASL_2011_07_22_scene27-3121-3145_camera1.mov,WHAT
WHAT/desktop.ini,WHAT
WHAT/msasl_what_ASL1_Class_10_New_SIGNS.mp4.mkv,WHAT
WHAT/msasl_what_ASL1_Class_4_New_SIGNS_plus_Partner_Practice_QA_and_p29_Dialogue.mp4.mkv,WHAT
WHAT/msasl_what_ASL_1_Unit_1_Vocabulary.mp4.mkv,WHAT
WHAT/msasl_what_ASL_Class_02-08-10.mp4.mkv,WHAT
WHAT/msasl_what_ASL_I_-_Unit_1_Vocabulary.mp4,WHAT
WHAT/msasl_what_ASL_Lesson_1(1).mp4.webm,WHAT
WHAT/msasl_what_ASL_Lesson_1.mp4.mkv,WHAT
WHAT/msasl_what_ASL_Level_1_Unit_1_Vocabulary.mp4.mkv,WHAT
WHAT/msasl_what_ASL_Vocabulary_(Spring_2018).mp4.webm,WHAT
WHAT/msasl_what_ASL_Vocabulary_what.mp4,WHAT
WHAT/msasl_what_Aug_to_Oct_Voc_Captions.mp4.mkv,WHAT
WHAT/msasl_what_Beginner_Vocabulary.mp4.mkv,WHAT
WHAT/msasl_what_Colors_and_Springtime_signs_in_ASL.mp4.mkv,WHAT
WHAT/msasl_what_Introduction_to_American_Sign_Language_Questions_and_Small_Talk.mp4.mkv,WHAT
WHAT/msasl_what_Introductions_B_Review.mp4.mkv,WHAT
WHAT/msasl_what_Learn_American_Sign_Language_Basic_Vocabulary.mp4,WHAT
WHAT/msasl_what_Lesson_8_Vocabulary_-_A_Basic_Course_(ABC)_in_ASL.mp4.mkv,WHAT
WHAT/msasl_what_Medical_Vocabulary_in_ASL_for_EMS_employees.mp4.mkv,WHAT
WHAT/msasl_what_Numbers_1_-_10_and_WH_-_question_signs.mp4,WHAT
WHAT/msasl_what_Robber_and_the_Geek_Vocab_video_for_ASL_class.mp4,WHAT
WHAT/msasl_what_SWIC_Community_Ed_-_Class_One.mp4,WHAT
WHAT/msasl_what_The_First_100_Signs_You_Need_to_Know.mp4.webm,WHAT
WHAT/msasl_what_Unit_03_Vocabulary.mp4.webm,WHAT
WHAT/msasl_what_Unit_10_Vocabulary.mp4.mkv,WHAT
WHAT/msasl_what_Unit_2_Vocabulary_ASL_Level_1_-_American_Sign_Language.mp4.webm,WHAT
WHAT/msasl_what_Unit_3.mp4.mkv,WHAT
WHAT/msasl_what_Useful_vocab.mp4,WHAT
WHAT/msasl_what_WHAT(1).mp4,WHAT
WHAT/msasl_what_WHAT(2).mp4,WHAT
WHAT/msasl_what_WHAT.mp4.webm,WHAT
WHAT/msasl_what_deaffriendly_ASL_Vocabulary_-_Hotel.mp4,WHAT
WHAT/msasl_what_what(1).mp4.mkv,WHAT
WHAT/msasl_what_what.mp4.mkv,WHAT
WHAT/msasl_what_what_-_ASL_sign_for_what.mp4.mkv,WHAT
WHAT/wlasl_62964.mp4,WHAT
WHAT/wlasl_62965.mp4,WHAT
WHAT/wlasl_62966.mp4,WHAT
WHAT/wlasl_62967.mp4,WHAT
WHAT/wlasl_62968.mp4,WHAT
WHAT/wlasl_62970.mp4,WHAT
WHAT/wlasl_62975.mp4,WHAT
WHAT/wlasl_62979.mp4,WHAT
WHAT/wlasl_69531.mp4,WHAT
WHERE/ASLLVD_WHERE__ASL_2008_02_29_scene38-1795-1830_camera1.mov,WHERE
WHERE/ASLLVD_WHERE__ASL_2008_03_28_scene40-2269-2312_camera1.mov,WHERE
WHERE/ASLLVD_WHERE__ASL_2011_07_19_scene91-163-192_camera1.mov,WHERE
WHERE/ASLLVD_WHERE__ASL_2011_07_22_scene28-3007-3060_camera1.mov,WHERE
WHERE/ASLLVD_WHERE__ASL_2011_07_22_scene53-2172-2220_camera1.mov,WHERE
WHERE/desktop.ini,WHERE
WHERE/msasl_where_ASL1_Class_10_New_SIGNS.mp4.mkv,WHERE
WHERE/msasl_where_ASL1_Class_4_New_SIGNS_plus_Partner_Practice_QA_and_p29_Dialogue.mp4.mkv,WHERE
WHERE/msasl_where_ASL_-_Family_Vacation_Places.mp4.mkv,WHERE
WHERE/msasl_where_ASL_1_Set_1_Supplemental_Vocabulary.mp4.mkv,WHERE
WHERE/msasl_where_ASL_1_Unit_1_Vocabulary.mp4,WHERE
WHERE/msasl_where_ASL_1_Unit_4_Vocabulary(1).mp4.mkv,WHERE
WHERE/msasl_where_ASL_1_Unit_4_Vocabulary.mp4.mkv,WHERE
WHERE/msasl_where_ASL_Class_02-08-10.mp4.mkv,WHERE
WHERE/msasl_where_ASL_I_-_Unit_1_Vocabulary.mp4,WHERE
WHERE/msasl_where_ASL_Lesson_1(1).mp4.webm,WHERE
WHERE/msasl_where_ASL_Lesson_1.mp4.mkv,WHERE
WHERE/msasl_where_ASL_Level_1_Unit_1_Vocabulary.mp4.mkv,WHERE
WHERE/msasl_where_ASL_Level_1_Unit_2_Vocabulary.mp4.mkv,WHERE
WHERE/msasl_where_ASL_Vocabulary_(Spring_2018).mp4.webm,WHERE
WHERE/msasl_where_Aug_to_Oct_Voc_Captions.mp4.mkv,WHERE
WHERE/msasl_where_Basic_ASL_Vocabulary_for_Babies.mp4,WHERE
WHERE/msasl_where_Beginner_Vocabulary.mp4.mkv,WHERE
WHERE/msasl_where_Introduction_to_American_Sign_Language_Questions_and_Small_Talk.mp4.mkv,WHERE
WHERE/msasl_where_Learn_American_Sign_Language_Basic_Vocabulary.mp4,WHERE
WHERE/msasl_where_Lesson_8_Vocabulary_-_A_Basic_Course_(ABC)_in_ASL.mp4.mkv,WHERE
WHERE/msasl_where_Mary_Did_You_Know_ASL_vocabulary.mp4,WHERE
WHERE/msasl_where_Medical_Vocabulary_in_ASL_for_EMS_employees.mp4.mkv,WHERE
WHERE/msasl_where_Numbers_1_-_10_and_WH_-_question_signs.mp4,WHERE
WHERE/msasl_where_SWIC_Community_Ed_-_Class_One.mp4,WHERE
WHERE/msasl_where_Signing_Naturally_Unit_1_Vocabulary.mp4.webm,WHERE
WHERE/msasl_where_The_First_100_Signs_You_Need_to_Know.mp4,WHERE
WHERE/msasl_where_The_ONE_Summit_2015.mp4.mkv,WHERE
WHERE/msasl_where_Unit_01_Vocabulary.mp4.webm,WHERE
WHERE/msasl_where_Unit_1.mp4,WHERE
WHERE/msasl_where_Unit_1_Vocabulary(3).mp4,WHERE
WHERE/msasl_where_Unit_1_vocabulary_part_1.mp4.mkv,WHERE
WHERE/msasl_where_Unit_2_Vocabulary_ASL_Level_1_-_American_Sign_Language.mp4.webm,WHERE
WHERE/msasl_where_Useful_vocab.mp4,WHERE
WHERE/msasl_where_WHERE(1).mp4,WHERE
WHERE/msasl_where_deaffriendly_ASL_Vocabulary_-_Hotel.mp4,WHERE
WHERE/msasl_where_where.mp4.mkv,WHERE
WHO/ASLLVD_WHO__ASL_2008_03_28_scene41-2340-2380_camera1.mov,WHO
WHO/ASLLVD_WHO__ASL_2011_07_22_scene29-2634-2675_camera1.mov,WHO
WHO/desktop.ini,WHO
WHO/msasl_who_ASL1_Class_10_New_SIGNS.mp4.mkv,WHO
WHO/msasl_who_ASL1_Class_4_New_SIGNS_plus_Partner_Practice_QA_and_p29_Dialogue.mp4.mkv,WHO
WHO/msasl_who_ASL_1_Set_1_Supplemental_Vocabulary.mp4.mkv,WHO
WHO/msasl_who_ASL_1_Unit_1_Vocabulary.mp4.mkv,WHO
WHO/msasl_who_ASL_Class_02-08-10.mp4.mkv,WHO
WHO/msasl_who_ASL_I_-_Unit_1_Vocabulary.mp4,WHO
WHO/msasl_who_ASL_Lesson_1(1).mp4.webm,WHO
WHO/msasl_who_ASL_Lesson_1.mp4.mkv,WHO
WHO/msasl_who_ASL_Level_1_Unit_2_Vocabulary.mp4.mkv,WHO
WHO/msasl_who_ASL_conversation_class_2.mp4.mkv,WHO
WHO/msasl_who_Aug_to_Oct_Voc_Captions.mp4.mkv,WHO
WHO/msasl_who_Beginner_Vocabulary.mp4.mkv,WHO
WHO/msasl_who_Introduction_to_American_Sign_Language_Questions_and_Small_Talk.mp4.mkv,WHO
WHO/msasl_who_Learn_American_Sign_Language_Basic_Vocabulary.mp4,WHO
WHO/msasl_who_Lesson_8_Vocabulary_-_A_Basic_Course_(ABC)_in_ASL.mp4,WHO
WHO/msasl_who_Medical_Vocabulary_in_ASL_for_EMS_employees.mp4.mkv,WHO
WHO/msasl_who_Numbers_1_-_10_and_WH_-_question_signs.mp4,WHO
WHO/msasl_who_Signing_Naturally_Unit_1_Vocabulary.mp4.webm,WHO
WHO/msasl_who_The_First_100_Signs_You_Need_to_Know.mp4.webm,WHO
WHO/msasl_who_Unit_01_Vocabulary.mp4.webm,WHO
WHO/msasl_who_Unit_1.mp4,WHO
WHO/msasl_who_Unit_1_Vocabulary(3).mp4,WHO
WHO/msasl_who_Unit_2_Vocabulary_ASL_Level_1_-_American_Sign_Language.mp4.webm,WHO
WHO/msasl_who_Useful_vocab.mp4,WHO
WHO/msasl_who_WHO(1).mp4,WHO
WHO/msasl_who_Who.mp4.mkv,WHO
WHO/msasl_who_who(2).mp4.mkv,WHO
WHO/msasl_who_who.mp4.webm,WHO
WHO/wlasl_63225.mp4,WHO
WHO/wlasl_63226.mp4,WHO
WHO/wlasl_63227.mp4,WHO
WHO/wlasl_63228.mp4,WHO
WHO/wlasl_63229.mp4,WHO
WHO/wlasl_63230.mp4,WHO
WHO/wlasl_63231.mp4,WHO
WHO/wlasl_63232.mp4,WHO
WHO/wlasl_63236.mp4,WHO
WHO/wlasl_63237.mp4,WHO
WHO/wlasl_69534.mp4,WHO
WHY/ASLLVD_WHY__ASL_2008_03_28_scene41-2576-2595_camera1.mov,WHY
WHY/ASLLVD_WHY__ASL_2008_03_28_scene41-2807-2856_camera1.mov,WHY
WHY/ASLLVD_WHY__ASL_2011_07_22_scene30-327-363_camera1.mov,WHY
WHY/ASLLVD_WHY__ASL_2011_07_22_scene30-569-601_camera1.mov,WHY
WHY/desktop.ini,WHY
WHY/msasl_why_ASL1_Class_10_New_SIGNS.mp4.mkv,WHY
WHY/msasl_why_ASL1_Class_4_New_SIGNS_plus_Partner_Practice_QA_and_p29_Dialogue.mp4.mkv,WHY
WHY/msasl_why_ASL_Class_02-08-10.mp4.mkv,WHY
WHY/msasl_why_ASL_I_-_Unit_1_Vocabulary.mp4,WHY
WHY/msasl_why_ASL_Lesson_1(1).mp4.webm,WHY
WHY/msasl_why_ASL_Lesson_1.mp4,WHY
WHY/msasl_why_Aug_to_Oct_Voc_Captions.mp4.mkv,WHY
WHY/msasl_why_Beginner_Vocabulary.mp4,WHY
WHY/msasl_why_Learn_American_Sign_Language_Basic_Vocabulary.mp4,WHY
WHY/msasl_why_Lesson_8_Vocabulary_-_A_Basic_Course_(ABC)_in_ASL.mp4.mkv,WHY
WHY/msasl_why_Medical_Vocabulary_in_ASL_for_EMS_employees.mp4.mkv,WHY
WHY/msasl_why_Numbers_1_-_10_and_WH_-_question_signs.mp4,WHY
WHY/msasl_why_SWIC_Community_Ed_-_Class_One.mp4,WHY
WHY/msasl_why_The_First_100_Signs_You_Need_to_Know.mp4.webm,WHY
WHY/msasl_why_Unit_02_Vocabulary.mp4.webm,WHY
WHY/msasl_why_Unit_2_Vocabulary_ASL_Level_1_-_American_Sign_Language.mp4.webm,WHY
WHY/msasl_why_Unit_3_Vocabulary_-_ASL.mp4.mkv,WHY
WHY/msasl_why_Useful_vocab.mp4,WHY
WHY/msasl_why_WHY(1).mp4.mkv,WHY
WHY/msasl_why_Why.mp4,WHY
WHY/msasl_why_why(2).mp4.mkv,WHY
WHY/wlasl_63280.mp4,WHY
WHY/wlasl_63281.mp4,WHY
WHY/wlasl_63282.mp4,WHY
WHY/wlasl_63283.mp4,WHY
WHY/wlasl_63284.mp4,WHY
WHY/wlasl_63285.mp4,WHY
WHY/wlasl_63287.mp4,WHY
WHY/wlasl_63288.mp4,WHY
WHY/wlasl_63289.mp4,WHY
WITH/ASLLVD_WITH__ASL_2008_03_28_scene43-1400-1440_camera1.mov,WITH
WITH/ASLLVD_WITH__ASL_2011_07_22_scene31-2233-2256_camera1.mov,WITH
WITH/desktop.ini,WITH
WITH/msasl_with_ASL1_Class_10_New_SIGNS.mp4.mkv,WITH
WITH/msasl_with_ASL2_Class_10_SIGNS.mp4.mkv,WITH
WITH/msasl_with_ASL_-_Going_out_to_lunch.mp4,WITH
WITH/msasl_with_ASL_1_Set_1_Supplemental_Vocabulary.mp4.mkv,WITH
WITH/msasl_with_ASL_I_Unit_7_Bingo_Vocabulary.mp4.mkv,WITH
WITH/msasl_with_Asl_vocab_2.mp4.mkv,WITH
WITH/msasl_with_Introduction_to_American_Sign_Language_Questions_and_Small_Talk.mp4,WITH
WITH/msasl_with_Level_1_Unit_5_Vocabulary.mp4,WITH
WITH/msasl_with_Mary_Did_You_Know_ASL_vocabulary.mp4,WITH
WITH/msasl_with_The_First_100_Signs_You_Need_to_Know.mp4.webm,WITH
WITH/msasl_with_Unit_2_Vocabulary_ASL_Level_1_-_American_Sign_Language.mp4.webm,WITH
WITH/msasl_with_Unit_3.mp4.mkv,WITH
WITH/msasl_with_WITH(3).mp4,WITH
WITH/msasl_with_WITH-together-side-by-side.mp4.mkv,WITH
WITH/msasl_with_With.mp4,WITH
WITH/wlasl_63587.mp4,WITH
WITH/wlasl_63588.mp4,WITH
WITH/wlasl_63589.mp4,WITH
WITH/wlasl_63590.mp4,WITH
WITH/wlasl_63592.mp4,WITH
WITH/wlasl_69539.mp4,WITH
WOMAN/ASLLVD_WOMAN__ASL_2008_02_01_scene43-1075-1115_camera1.mov,WOMAN
WOMAN/ASLLVD_WOMAN__ASL_2008_05_29_scene16-605-635_camera1.mov,WOMAN
WOMAN/ASLLVD_WOMAN__ASL_2008_08_13_scene36-668-698_camera1.mov,WOMAN
WOMAN/ASLLVD_WOMAN__ASL_2011_06_14_scene46-1795-1814_camera1.mov,WOMAN
WOMAN/ASLLVD_WOMAN__ASL_2011_07_22_scene32-889-901_camera1.mov,WOMAN
WOMAN/ASLLVD_WOMAN__ASL_2011_07_22_scene46-912-929_camera1.mov,WOMAN
WOMAN/desktop.ini,WOMAN
WOMAN/msasl_woman_ASL1_Class_21_New_SIGNS.mp4.webm,WOMAN
WOMAN/msasl_woman_ASL_1_Set_3_Supplemental_Vocabulary.mp4.mkv,WOMAN
WOMAN/msasl_woman_ASL_1_Unit_1_Vocabulary.mp4.mkv,WOMAN
WOMAN/msasl_woman_ASL_1st_class_VOCABULARY_BUILDER.mp4,WOMAN
WOMAN/msasl_woman_ASL_FAMILY.mp4,WOMAN
WOMAN/msasl_woman_ASL_Female_.mp4,WOMAN
WOMAN/msasl_woman_ASL_I_-_Unit_1_Vocabulary.mp4,WOMAN
WOMAN/msasl_woman_ASL_I_-_Unit_2_-_Vocabulary.mp4,WOMAN
WOMAN/msasl_woman_ASL_Level_1_Unit_2_Vocabulary.mp4.mkv,WOMAN
WOMAN/msasl_woman_ASL_Opposites.mp4.mkv,WOMAN
WOMAN/msasl_woman_ASL_Vocabulary_(Spring_2018).mp4.webm,WOMAN
WOMAN/msasl_woman_ASL_Woman_.mp4.mkv,WOMAN
WOMAN/msasl_woman_American_Sign_Language_(ASL)_Family_Signs_-_Part_One.mp4.webm,WOMAN
WOMAN/msasl_woman_Asl_1_Unit_2_Vocab.mp4.mkv,WOMAN
WOMAN/msasl_woman_Family_Vocabulary.mp4.mkv,WOMAN
WOMAN/msasl_woman_Learn_American_Sign_Language_Basic_Vocabulary.mp4,WOMAN
WOMAN/msasl_woman_Lesson_2_Vocabulary_-_A_Basic_Course_(ABC)_in_ASL.mp4.mkv,WOMAN
WOMAN/msasl_woman_Level_1_Unit_5_Vocabulary.mp4,WOMAN
WOMAN/msasl_woman_Mastering_ASL_Unit_4_Vocabulary_signed_by_Dr_Wooten.mp4.mkv,WOMAN
WOMAN/msasl_woman_Mr_Jensen_ASL_-_School.mp4.mkv,WOMAN
WOMAN/msasl_woman_SN_Unit_1_Video_Vocab_Review.mp4,WOMAN
WOMAN/msasl_woman_School-related_signs.mp4.mkv,WOMAN
WOMAN/msasl_woman_Sign_for_WOMAN_from_page_13.mp4,WOMAN
WOMAN/msasl_woman_Unit_01_Vocabulary.mp4.webm,WOMAN
WOMAN/msasl_woman_Unit_1.mp4,WOMAN
WOMAN/msasl_woman_Unit_1_vocabulary_part_1.mp4.mkv,WOMAN
WOMAN/msasl_woman_Unit_4_Family_Signs_Part_1_Members.mp4.mkv,WOMAN
WOMAN/msasl_woman_Unit_4_vocabulary_pg_1-3.mp4,WOMAN
WOMAN/msasl_woman_WOMAN(1).mp4,WOMAN
WOMAN/msasl_woman_WOMAN(3).mp4.mkv,WOMAN
WOMAN/msasl_woman_WOMAN(4).mp4,WOMAN
WOMAN/msasl_woman_Woman.mp4.mkv,WOMAN
WOMAN/wlasl_63664.mp4,WOMAN
WOMAN/wlasl_63665.mp4,WOMAN
WOMAN/wlasl_63666.mp4,WOMAN
WOMAN/wlasl_63667.mp4,WOMAN
WOMAN/wlasl_63668.mp4,WOMAN
WOMAN/wlasl_63669.mp4,WOMAN
WOMAN/wlasl_63672.mp4,WOMAN
WOMAN/wlasl_63673.mp4,WOMAN
WORK/ASLLVD_WORK__ASL_2008_02_01_scene37-2425-2466_camera1.mov,WORK
WORK/ASLLVD_WORK__ASL_2008_03_28_scene44-1930-1984_camera1.mov,WORK
WORK/ASLLVD_WORK__ASL_2008_05_29_scene1-237-300_camera1.mov,WORK
WORK/ASLLVD_WORK__ASL_2008_05_29_scene11-1732-1771_camera1.mov,WORK
WORK/ASLLVD_WORK__ASL_2008_08_13_scene31-1727-1760_camera1.mov,WORK
WORK/ASLLVD_WORK__ASL_2011_06_14_scene43-4795-4818_camera1.mov,WORK
WORK/ASLLVD_WORK__ASL_2011_07_22_scene32-2308-2344_camera1.mov,WORK
WORK/desktop.ini,WORK
WORK/msasl_work_ASL1_Class_11_New_SIGNS.mp4.mkv,WORK
WORK/msasl_work_ASL_1_Set_2_Supplemental_Vocabulary.mp4,WORK
WORK/msasl_work_ASL_1_Unit_3_Vocabulary.mp4.mkv,WORK
WORK/msasl_work_ASL_1_Unit_5_Vocabulary.mp4.webm,WORK
WORK/msasl_work_ASL_I_-_Unit_10.mp4.mkv,WORK
WORK/msasl_work_ASL_I_-_Unit_6_Vocabulary_Review.mp4.mkv,WORK
WORK/msasl_work_ASL_Level_1_Unit_6_Vocabulary.mp4.mkv,WORK
WORK/msasl_work_ASL_Opposites.mp4.mkv,WORK
WORK/msasl_work_ASL_Work_Job_.mp4,WORK
WORK/msasl_work_Aug_to_Oct_Voc_Captions.mp4,WORK
WORK/msasl_work_Community_Helpers_in_ASL.mp4.mkv,WORK
WORK/msasl_work_Introduction_to_American_Sign_Language_Questions_and_Small_Talk.mp4.mkv,WORK
WORK/msasl_work_Lesson_4_Vocabulary_-_A_Basic_Course_(ABC)_in_ASL.mp4.mkv,WORK
WORK/msasl_work_Mr_Jensen_ASL_-_Summer_Activities.mp4.mkv,WORK
WORK/msasl_work_Mr_Miseners_ASL_lesson_4_review.mp4.mkv,WORK
WORK/msasl_work_The_First_100_Signs_You_Need_to_Know.mp4.webm,WORK
WORK/msasl_work_UNIT_10_VOCABULARY.mp4.mkv,WORK
WORK/msasl_work_Unit_14_Vocabulary_Part_2.mp4,WORK
WORK/msasl_work_Unit_2_Vocabulary_ASL_Level_1_-_American_Sign_Language.mp4.webm,WORK
WORK/msasl_work_Useful_vocab.mp4,WORK
WORK/msasl_work_WORK(2).mp4,WORK
WORK/msasl_work_WORK(3).mp4.mkv,WORK
WORK/msasl_work_Work.mp4.mkv,WORK
WORK/msasl_work_work_-_ASL_sign_for_work.mp4,WORK
WORK/wlasl_63788.mp4,WORK
WORK/wlasl_63789.mp4,WORK
WORK/wlasl_63790.mp4,WORK
WORK/wlasl_63791.mp4,WORK
WORK/wlasl_63792.mp4,WORK
WORK/wlasl_63793.mp4,WORK
WORK/wlasl_63795.mp4,WORK
WORK/wlasl_63799.mp4,WORK
WRONG/ASLLVD_WRONG__ASL_2008_02_15_scene7-1980-2025_camera1.mov,WRONG
WRONG/ASLLVD_WRONG__ASL_2008_03_28_scene46-1935-1965_camera1.mov,WRONG
WRONG/ASLLVD_WRONG__ASL_2008_06_10_scene17-997-1040_camera1.mov,WRONG
WRONG/ASLLVD_WRONG__ASL_2011_07_19_scene4-1002-1046_camera1.mov,WRONG
WRONG/ASLLVD_WRONG__ASL_2011_07_22_scene34-2323-2362_camera1.mov,WRONG
WRONG/desktop.ini,WRONG
WRONG/msasl_wrong_ASL1_Class_9_New_SIGNS.mp4.mkv,WRONG
WRONG/msasl_wrong_ASL3_Class_21_Vocabulary.mp4.mkv,WRONG
WRONG/msasl_wrong_ASL_I_-_Unit_1_Vocabulary.mp4,WRONG
WRONG/msasl_wrong_ASL_UNIT_1_VOCAB_signing_naturally.mp4,WRONG
WRONG/msasl_wrong_American_Sign_Language_Learning_the_basics.mp4,WRONG
WRONG/msasl_wrong_Aug_to_Oct_Voc_Captions.mp4.mkv,WRONG
WRONG/msasl_wrong_ERROR.mp4.mkv,WRONG
WRONG/msasl_wrong_Lesson_4_Vocabulary_-_A_Basic_Course_(ABC)_in_ASL.mp4.mkv,WRONG
WRONG/msasl_wrong_Lesson_7_Vocabulary_-_A_Basic_Course_(ABC)_in_ASL.mp4.mkv,WRONG
WRONG/msasl_wrong_MISTAKE.mp4.mkv,WRONG
WRONG/msasl_wrong_Mr_Miseners_ASL_lesson_4_review.mp4.mkv,WRONG
WRONG/msasl_wrong_Mr_Miseners_ASL_lesson_7_vocabulary.mp4.mkv,WRONG
WRONG/msasl_wrong_SN_Unit_1_Video_Vocab_Review.mp4.mkv,WRONG
WRONG/msasl_wrong_Signing_Naturally_Unit_15_(updatedshorter_version).mp4.mkv,WRONG
WRONG/msasl_wrong_Signing_Naturally_Unit_15_Vocabulary_by_Dr_Wooten_1.mp4.mkv,WRONG
WRONG/msasl_wrong_Unit_06_Vocabulary.mp4.webm,WRONG
WRONG/msasl_wrong_Unit_14_Vocabulary.mp4.mkv,WRONG
WRONG/msasl_wrong_Unit_1_vocabulary_part_1.mp4.mkv,WRONG
WRONG/msasl_wrong_Unit_25_-_Vocabulary_Common_ASL_signs_(part_4)_CC.mp4,WRONG
WRONG/msasl_wrong_Unit_2_Vocabulary_ASL_Level_1_-_American_Sign_Language.mp4.webm,WRONG
WRONG/msasl_wrong_Unit_4.mp4.mkv,WRONG
WRONG/msasl_wrong_Unit_4_Vocabularymp4.mp4.mkv,WRONG
WRONG/msasl_wrong_Unit_6.mp4.mkv,WRONG
WRONG/msasl_wrong_Unit_6_Vocabularymp4.mp4.mkv,WRONG
WRONG/msasl_wrong_Vocabulary_for_Unexpected_Life_Changes_or_Unfortunate_Events_ASL_-_American_Sign_Language.mp4.mkv,WRONG
WRONG/msasl_wrong_WRONG(1).mp4.mkv,WRONG
WRONG/msasl_wrong_WRONG-a-mistake-an-error.mp4.mkv,WRONG
WRONG/msasl_wrong_WRONG.mp4,WRONG
WRONG/wlasl_64084.mp4,WRONG
WRONG/wlasl_64085.mp4,WRONG
WRONG/wlasl_64086.mp4,WRONG
WRONG/wlasl_64087.mp4,WRONG
WRONG/wlasl_64088.mp4,WRONG
WRONG/wlasl_64090.mp4,WRONG
WRONG/wlasl_64091.mp4,WRONG
YEAR/ASLLVD_YEAR__ASL_2008_03_28_scene47-1381-1430_camera1.mov,YEAR
YEAR/ASLLVD_YEAR__ASL_2011_07_22_scene35-1259-1301_camera1.mov,YEAR
YEAR/desktop.ini,YEAR
YEAR/msasl_year_ASL1_Class_17_New_SIGNS.mp4.mkv,YEAR
YEAR/msasl_year_ASL_Time.mp4,YEAR
YEAR/msasl_year_ASL_Year_.mp4.mkv,YEAR
YEAR/msasl_year_Amazing_Grace.mp4,YEAR
YEAR/msasl_year_Asl_vocab_2.mp4.mkv,YEAR
YEAR/msasl_year_Aug_to_Oct_Voc_Captions.mp4.mkv,YEAR
YEAR/msasl_year_Lesson_5_Vocabulary_-_A_Basic_Course_(ABC)_in_ASL.mp4.mkv,YEAR
YEAR/msasl_year_Mastering_ASL_Unit_3_Vocabulary_signed_by_Dr_Wooten.mp4.mkv,YEAR
YEAR/msasl_year_Signing_Naturally_Unit_2.mp4.mkv,YEAR
YEAR/msasl_year_Time_Day_Voc.mp4.mkv,YEAR
YEAR/msasl_year_Time_Signs_ASL.mp4,YEAR
YEAR/msasl_year_UNIT_13_Vocabulary_-_turn_on_CC_-_Time_Days_of_the_Week_-_ASL_American_Sign_Language.mp4,YEAR
YEAR/msasl_year_Unit_07_Vocabulary.mp4.webm,YEAR
YEAR/msasl_year_Unit_25_-_Vocabulary_Common_ASL_signs_(part_4)_CC.mp4,YEAR
YEAR/msasl_year_Unit_3_vocabulary.mp4,YEAR
YEAR/msasl_year_Unit_7_Vocabularymp4.mp4.mkv,YEAR
YEAR/msasl_year_Useful_vocab.mp4,YEAR
YEAR/msasl_year_YEAR(2).mp4.mkv,YEAR
YEAR/msasl_year_YEAR(4).mp4,YEAR
YEAR/msasl_year_YEAR.mp4.webm,YEAR
YEAR/msasl_year_Year.mp4.mkv,YEAR
YEAR/wlasl_64209.mp4,YEAR
YEAR/wlasl_64210.mp4,YEAR
YEAR/wlasl_64211.mp4,YEAR
YEAR/wlasl_64212.mp4,YEAR
YEAR/wlasl_64213.mp4,YEAR
YEAR/wlasl_64218.mp4,YEAR
YEAR/wlasl_64219.mp4,YEAR
YELLOW/ASLLVD_YELLOW__ASL_2008_03_28_scene47-1840-1871_camera1.mov,YELLOW
YELLOW/ASLLVD_YELLOW__ASL_2011_07_22_scene35-2084-2122_camera1.mov,YELLOW
YELLOW/desktop.ini,YELLOW
YELLOW/msasl_yellow_ASL1_Class_15_New_SIGNS.mp4.mkv,YELLOW
YELLOW/msasl_yellow_ASL_1_Set_1_Supplemental_Vocabulary.mp4.mkv,YELLOW
YELLOW/msasl_yellow_ASL_1_Unit_1_Vocabulary.mp4.mkv,YELLOW
YELLOW/msasl_yellow_ASL_Color_SIGN_.mp4,YELLOW
YELLOW/msasl_yellow_ASL_Colors_Clothes_Lesson.mp4.webm,YELLOW
YELLOW/msasl_yellow_ASL_Dictionary_Colors.mp4.mkv,YELLOW
YELLOW/msasl_yellow_ASL_I_-_Unit_1_Vocabulary.mp4,YELLOW
YELLOW/msasl_yellow_ASL_I_-_Unit_4_Vocabulary_Review.mp4,YELLOW
YELLOW/msasl_yellow_ASL_Signs_for_family_and_basic_school_related_words.mp4,YELLOW
YELLOW/msasl_yellow_ASL_Yellow_.mp4.mkv,YELLOW
YELLOW/msasl_yellow_Aug_to_Oct_Voc_Captions.mp4.mkv,YELLOW
YELLOW/msasl_yellow_COLORS_-_This_is_part_of_Unit_4_Vocabulary_ASL.mp4.mkv,YELLOW
YELLOW/msasl_yellow_Color_Signs_in_ASL.mp4.mkv,YELLOW
YELLOW/msasl_yellow_Color_Vocabulary.mp4.mkv,YELLOW
YELLOW/msasl_yellow_Colors_and_Springtime_signs_in_ASL.mp4.mkv,YELLOW
YELLOW/msasl_yellow_First_100_ADJECTIVES.mp4.mkv,YELLOW
YELLOW/msasl_yellow_Learn_American_Sign_Language_Basic_Vocabulary.mp4,YELLOW
YELLOW/msasl_yellow_Lesson_3_Vocabulary_-_A_Basic_Course_(ABC)_in_ASL.mp4.mkv,YELLOW
YELLOW/msasl_yellow_Mastering_ASL_Unit_3_Vocabulary_signed_by_Dr_Wooten.mp4,YELLOW
YELLOW/msasl_yellow_SN_Unit_1_-_Colors.mp4,YELLOW
YELLOW/msasl_yellow_SN_Unit_1_Video_Vocab_Review.mp4,YELLOW
YELLOW/msasl_yellow_Unit_04_Vocabulary.mp4.webm,YELLOW
YELLOW/msasl_yellow_Unit_1_vocabulary_part_1.mp4,YELLOW
YELLOW/msasl_yellow_Unit_4_Vocabularymp4.mp4,YELLOW
YELLOW/msasl_yellow_YELLOW(3).mp4.mkv,YELLOW
YELLOW/msasl_yellow_YELLOW(4).mp4,YELLOW
YELLOW/msasl_yellow_YELLOW(5).mp4.webm,YELLOW
YELLOW/msasl_yellow_YELLOW_COLOR_ASL.mp4.mkv,YELLOW
YELLOW/msasl_yellow_Yellow.mp4.mkv,YELLOW
YELLOW/msasl_yellow_yellow(2).mp4.mkv,YELLOW
YELLOW/msasl_yellow_yellow-color.mp4.mkv,YELLOW
YELLOW/msasl_yellow_yellow_-_ASL_sign_for_yellow.mp4.mkv,YELLOW
YELLOW/msasl_yellow_yellow_in_American_Sign_Language.mp4,YELLOW
YELLOW/wlasl_64261.mp4,YELLOW
YELLOW/wlasl_64262.mp4,YELLOW
YELLOW/wlasl_64263.mp4,YELLOW
YELLOW/wlasl_64264.mp4,YELLOW
YELLOW/wlasl_64266.mp4,YELLOW
YELLOW/wlasl_69545.mp4,YELLOW
YES/ASLLVD_YES__ASL_2008_03_28_scene47-2300-2330_camera1.mov,YES
YES/ASLLVD_YES__ASL_2011_07_22_scene35-2520-2555_camera1.mov,YES
YES/desktop.ini,YES
YES/msasl_yes_ASL1_Class_4_New_SIGNS_plus_Partner_Practice_QA_and_p29_Dialogue.mp4.mkv,YES
YES/msasl_yes_ASL_-_ASL_Necessities_for_ASL_1.mp4.mkv,YES
YES/msasl_yes_ASL_Basic_Classroom_Signs.mp4.mkv,YES
YES/msasl_yes_ASL_Class_02-08-10.mp4.mkv,YES
YES/msasl_yes_ASL_I_-_Unit_2_-_Vocabulary.mp4,YES
YES/msasl_yes_ASL_I_Unit_7_Bingo_Vocabulary.mp4.mkv,YES
YES/msasl_yes_ASL_Lesson_1(1).mp4.webm,YES
YES/msasl_yes_ASL_Lesson_1.mp4.mkv,YES
YES/msasl_yes_ASL_Signs_for_family_and_basic_school_related_words.mp4,YES
YES/msasl_yes_ASL_Unit_One_Vocabulary.mp4,YES
YES/msasl_yes_ASL_Vocabulary_yes.mp4,YES
YES/msasl_yes_ASL_conversation_class_2.mp4.mkv,YES
YES/msasl_yes_American_Sign_Language_Learning_the_basics.mp4,YES
YES/msasl_yes_Asl_vocab_2.mp4.mkv,YES
YES/msasl_yes_Basic_Sign_Language_for_Caregivers_of_the_DeafHard_of_Hearing.mp4.webm,YES
YES/msasl_yes_Beginner_Vocabulary.mp4.mkv,YES
YES/msasl_yes_Introductions_B_Review.mp4.mkv,YES
YES/msasl_yes_Learn_American_Sign_Language_Basic_Vocabulary.mp4,YES
YES/msasl_yes_Lesson_4_Vocabulary_-_A_Basic_Course_(ABC)_in_ASL.mp4.mkv,YES
YES/msasl_yes_Making_Conversation_Vocabulary_ASL_-_American_Sign_Language.mp4.mkv,YES
YES/msasl_yes_Mr_Miseners_ASL_lesson_4_review.mp4.mkv,YES
YES/msasl_yes_SN_Unit_1_Video_Vocab_Review.mp4.mkv,YES
YES/msasl_yes_Sign_for_YES_from_page_15.mp4.mkv,YES
YES/msasl_yes_Signing_Naturally_Unit_2.mp4.mkv,YES
YES/msasl_yes_The_First_100_Signs_You_Need_to_Know.mp4.webm,YES
YES/msasl_yes_Unit_1(1).mp4.webm,YES
YES/msasl_yes_Unit_1_Vocabulary(3).mp4,YES
YES/msasl_yes_Unit_1_Vocabulary.mp4.mkv,YES
YES/msasl_yes_Unit_1_Vocabulary_ASL_Level_1_-_American_Sign_Language.mp4.webm,YES
YES/msasl_yes_YES(1).mp4,YES
YES/msasl_yes_YES(2).mp4,YES
YES/msasl_yes_YES(3).mp4.webm,YES
YES/msasl_yes_Yes.mp4.mkv,YES
YES/msasl_yes_Yes_in_Sign_Language_ASL_Dictionary_for_kids.mp4.webm,YES
YES/msasl_yes_deaffriendly_ASL_Vocabulary_-_Hotel.mp4,YES
YES/msasl_yes_yes-Y-E-S-lexicalized.mp4.mkv,YES
YES/msasl_yes_yes.mp4,YES
YES/msasl_yes_yes_-_ASL_sign_for_yes.mp4.mkv,YES
YES/wlasl_64280.mp4,YES
YES/wlasl_64281.mp4,YES
YES/wlasl_64283.mp4,YES
YES/wlasl_64284.mp4,YES
YES/wlasl_64287.mp4,YES
YES/wlasl_64288.mp4,YES
YES/wlasl_64291.mp4,YES
YES/wlasl_64292.mp4,YES
YES/wlasl_64293.mp4,YES
YES/wlasl_69546.mp4,YES
YESTERDAY/ASLLVD_YESTERDAY__ASL_2008_03_28_scene47-2795-2832_camera1.mov,YESTERDAY
YESTERDAY/ASLLVD_YESTERDAY__ASL_2011_07_22_scene35-2950-2975_camera1.mov,YESTERDAY
YESTERDAY/desktop.ini,YESTERDAY
YESTERDAY/msasl_yesterday_ASL1_Class_11_New_SIGNS.mp4.mkv,YESTERDAY
YESTERDAY/msasl_yesterday_ASL1_Class_38_New_SIGNS.mp4.mkv,YESTERDAY
YESTERDAY/msasl_yesterday_ASL_1_Set_3_Supplemental_Vocabulary.mp4.mkv,YESTERDAY
YESTERDAY/msasl_yesterday_ASL_1_Unit_5_Vocabulary.mp4,YESTERDAY
YESTERDAY/msasl_yesterday_ASL_I_-_Unit_6_Vocabulary_Review.mp4.mkv,YESTERDAY
YESTERDAY/msasl_yesterday_ASL_Level_1_Unit_6_Vocabulary.mp4.mkv,YESTERDAY
YESTERDAY/msasl_yesterday_ASL_Opposites.mp4,YESTERDAY
YESTERDAY/msasl_yesterday_ASL_Opposites.mp4.mkv,YESTERDAY
YESTERDAY/msasl_yesterday_ASL_Time.mp4,YESTERDAY
YESTERDAY/msasl_yesterday_ASL_Yesterday.mp4,YESTERDAY
YESTERDAY/msasl_yesterday_ASL_Yesterday_.mp4.mkv,YESTERDAY
YESTERDAY/msasl_yesterday_Aug_to_Oct_Voc_Captions.mp4.mkv,YESTERDAY
YESTERDAY/msasl_yesterday_Lesson_5_Vocabulary_-_A_Basic_Course_(ABC)_in_ASL.mp4.mkv,YESTERDAY
YESTERDAY/msasl_yesterday_SWIC_Community_Ed_-_Class_Two.mp4.mkv,YESTERDAY
YESTERDAY/msasl_yesterday_Time_Day_Voc.mp4.mkv,YESTERDAY
YESTERDAY/msasl_yesterday_Unit_25_-_Vocabulary_Common_ASL_signs_(part_4)_CC.mp4,YESTERDAY
YESTERDAY/msasl_yesterday_Unit_2_Vocabulary_(Part_3)_(rev_2018).mp4,YESTERDAY
YESTERDAY/msasl_yesterday_Unit_2_Vocabulary_ASL_Level_1_-_American_Sign_Language.mp4,YESTERDAY
YESTERDAY/msasl_yesterday_Unit_8.mp4.mkv,YESTERDAY
YESTERDAY/msasl_yesterday_Unit_8_Vocabulary(1).mp4,YESTERDAY
YESTERDAY/msasl_yesterday_Useful_vocab.mp4,YESTERDAY
YESTERDAY/msasl_yesterday_YESTERDAY(1).mp4,YESTERDAY
YESTERDAY/msasl_yesterday_YESTERDAY(2).mp4.mkv,YESTERDAY
YESTERDAY/msasl_yesterday_YESTERDAY(3).mp4.mkv,YESTERDAY
YESTERDAY/msasl_yesterday_YESTERDAY.mp4.webm,YESTERDAY
YESTERDAY/msasl_yesterday_Yesterday.mp4.mkv,YESTERDAY
YESTERDAY/wlasl_64304.mp4,YESTERDAY
YESTERDAY/wlasl_64305.mp4,YESTERDAY
YESTERDAY/wlasl_64306.mp4,YESTERDAY
YESTERDAY/wlasl_64307.mp4,YESTERDAY
YESTERDAY/wlasl_64308.mp4,YESTERDAY
YESTERDAY/wlasl_64309.mp4,YESTERDAY
YESTERDAY/wlasl_64311.mp4,YESTERDAY
